Observation,TermDays,strm,Headcount,HeadcountDiff,HeadcountPrediction2018,HeadcountPrediction2019Base,HeadcountPrediction2019ML,SCH,SCHDiff,SCHPrediction2018,SCHPrediction2019Base,SCHPrediction2019ML,DummyData,Freshman_Headcount,Sophomore_Headcount,Junior_Headcount,Senior_Headcount,PostBac_Headcount,Masters_Headcount,Doctoral_Headcount,SpecProf_Headcount
1,,1118,15424,0,,,,173218,0,,,,1,2141,3025,4347,3844,263,1237,318,1
2,-124,1118,15533,109,,,,174455.5,1237.5,,,,0,2158,3048,4370,3866,266,1247,323,1
3,-123,1118,15642,109,,,,175693,1237.5,,,,0,2175,3071,4393,3888,269,1257,328,1
4,-121,1118,15857,215,,,,178280,2587,,,,0,2207,3113,4443,3942,272,1273,333,1
5,-120,1118,16063,206,,,,180457,2177,,,,0,2234,3153,4484,3995,277,1301,339,1
6,-119,1118,16236,173,,,,182611,2154,,,,0,2258,3193,4517,4030,282,1327,346,1
7,-118,1118,16382,146,,,,184406.5,1795.5,,,,0,2277,3226,4547,4069,285,1339,351,1
8,-117,1118,16494,112,,,,185677,1270.5,,,,0,2292,3249,4579,4091,285,1350,358,1
9,-116,1118,16596,102,,,,186882.5,1205.5,,,,0,2305,3267,4606,4113,286,1361,360,1
10,,1118,16751,155,,,,188621,1738.5,,,,1,2329,3289,4638,4142,290,1385,373,1
11,-113,1118,16905,154,,,,190360,1739,,,,0,2352,3311,4670,4171,293,1408,385,1
12,-112,1118,17038,133,,,,191756,1396,,,,0,2373,3335,4695,4189,296,1439,395,1
13,,1188,17338,300,,,,195103,3347,,,,1,2417,3437,4749,4224,313,1473,405,1
14,-110,1118,17637,299,,,,198449,3346,,,,0,2460,3539,4803,4259,329,1506,414,1
15,-109,1118,17749,112,,,,199746,1297,,,,0,2473,3564,4826,4285,334,1519,416,1
16,-107,1118,17894,145,,,,201433.5,1687.5,,,,0,2491,3603,4846,4315,342,1536,426,1
17,-106,1118,18040,146,,,,203176,1742.5,,,,0,2503,3625,4882,4355,345,1550,439,1
18,-105,1118,18187,147,,,,204801,1625,,,,0,2509,3658,4913,4384,354,1568,453,1
19,-104,1118,18346,159,,,,206504,1703,,,,0,2526,3683,4962,4414,358,1585,459,1
20,-103,1118,18455,109,,,,207688,1184,,,,0,2537,3700,4993,4440,362,1598,460,1
21,-102,1118,18567,112,,,,208854,1166,,,,0,2550,3732,5007,4460,373,1610,463,1
22,-100,1118,18732,165,,,,210590,1736,,,,0,1112,3634,4605,6523,378,1631,474,1
23,-99,1118,18878,146,,,,212552,1962,,,,0,1132,3656,4644,6547,381,1649,483,1
24,-98,1118,18974,96,,,,213693.5,1141.5,,,,0,1140,3669,4669,6577,386,1660,485,1
25,-97,1118,19086,112,,,,215207.5,1514,,,,0,1145,3683,4702,6603,394,1674,491,1
26,-96,1118,19481,395,,,,219890.5,4683,,,,0,1184,3870,4790,6629,402,1681,493,1
27,-95,1118,19547,66,,,,220753.5,863,,,,0,1191,3889,4803,6642,409,1687,493,1
28,-93,1118,19651,104,,,,221927.5,1174,,,,0,1191,3915,4826,6671,419,1696,498,1
29,-92,1118,19746,95,,,,223007.5,1080,,,,0,1198,3917,4857,6702,422,1707,505,1
30,-91,1118,19825,79,,,,223698.5,691,,,,0,1190,3923,4886,6733,428,1715,509,1
31,-90,1118,19878,53,,,,224474,775.5,,,,0,1188,3920,4893,6768,428,1723,514,1
32,-89,1118,19924,46,,,,224970,496,,,,0,1183,3924,4908,6782,438,1726,516,1
33,-88,1118,19981,57,,,,225607.5,637.5,,,,0,1188,3933,4930,6795,438,1731,518,1
34,-86,1118,20017,36,,,,225964.5,357,,,,0,1188,3935,4944,6804,439,1741,518,1
35,-85,1118,20094,77,,,,226886.5,922,,,,0,1196,3938,4959,6825,446,1758,521,1
36,-84,1118,20255,161,,,,228469.5,1583,,,,0,1203,3955,4992,6884,454,1793,506,1
37,-83,1118,20365,110,,,,229749,1279.5,,,,0,1203,3970,5026,6913,456,1804,516,1
38,-82,1118,20645,280,,,,232816,3067,,,,0,1229,4107,5087,6950,459,1813,521,1
39,-81,1118,20715,70,,,,233657,841,,,,0,1236,4117,5104,6967,459,1826,523,1
40,-79,1118,20833,118,,,,235031,1374,,,,0,1224,4128,5088,7070,465,1842,529,1
41,-78,1118,20912,79,,,,235884,853,,,,0,1228,4143,5102,7091,467,1862,529,1
42,-77,1118,20992,80,,,,236818.5,934.5,,,,0,1230,4144,5128,7115,469,1881,528,1
43,-76,1118,21062,70,,,,237618,799.5,,,,0,1231,4146,5148,7136,474,1895,529,1
44,-75,1118,21314,252,,,,240502.5,2884.5,,,,0,1252,4255,5221,7153,476,1906,530,1
45,-74,1118,21391,77,,,,241260,757.5,,,,0,1257,4278,5235,7166,479,1920,532,1
46,-72,1118,21498,107,,,,242362,1102,,,,0,1261,4299,5256,7184,488,1938,537,2
47,-71,1118,21656,158,,,,243937.5,1575.5,,,,0,1267,4310,5279,7208,512,1974,542,2
48,-70,1118,21727,71,,,,244813.5,876,,,,0,1270,4319,5303,7219,518,1984,546,2
49,-69,1118,21810,83,,,,245665.5,852,,,,0,1296,4322,5319,7223,528,1996,552,2
50,-68,1118,22415,605,,,,254255.5,8590,,,,0,1833,4331,5336,7241,534,2004,556,2
51,-67,1118,22481,66,,,,254963.5,708,,,,0,1838,4340,5355,7253,537,2017,556,2
52,-65,1118,22557,76,,,,255801.5,838,,,,0,1844,4352,5365,7274,538,2036,560,2
53,-64,1118,23181,624,,,,264691.5,8890,,,,0,2385,4352,5395,7278,552,2061,565,2
54,-63,1118,23263,82,,,,265703.5,1012,,,,0,2382,4365,5417,7295,557,2077,570,2
55,-62,1118,23350,87,,,,266693,989.5,,,,0,2387,4379,5439,7309,560,2091,577,2
56,-61,1118,23713,363,,,,270595,3902,,,,0,2424,4553,5515,7335,563,2103,580,2
57,-60,1118,23793,80,,,,271463,868,,,,0,2431,4577,5532,7352,563,2115,582,2
58,-58,1118,23901,108,,,,272591,1128,,,,0,2437,4595,5557,7382,561,2136,588,2
59,-57,1118,24534,633,,,,281403.5,8812.5,,,,0,2972,4619,5585,7399,571,2153,589,2
60,-56,1118,24616,82,,,,282419.5,1016,,,,0,2976,4620,5609,7421,579,2173,590,2
61,-55,1118,24715,99,,,,283576,1156.5,,,,0,2976,4634,5622,7439,581,2194,595,2
62,-54,1118,25325,610,,,,292102,8526,,,,0,3518,4651,5636,7453,582,2206,598,2
63,-53,1118,25375,50,,,,292661,559,,,,0,3522,4659,5646,7466,584,2216,600,2
64,-51,1118,25397,22,,,,292970,309,,,,0,3522,4663,5655,7473,584,2217,600,2
65,-50,1118,25494,97,,,,293968,998,,,,0,3529,4678,5675,7501,588,2236,604,2
66,-49,1118,25629,135,,,,295347,1379,,,,0,3527,4692,5709,7540,594,2261,613,2
67,-48,1118,25722,93,,,,296503,1156,,,,0,3526,4700,5732,7558,601,2277,621,2
68,-47,1118,26140,418,,,,301188,4685,,,,0,3566,4891,5856,7590,602,2297,624,2
69,-46,1118,26262,122,,,,302540,1352,,,,0,3576,4926,5883,7616,607,2308,624,2
70,-44,1118,26423,161,,,,304307.5,1767.5,,,,0,3569,4966,5915,7659,617,2338,632,2
71,-43,1118,26573,150,,,,306243.5,1936,,,,0,3503,4889,5737,8083,624,2357,643,2
72,-42,1118,27263,690,,,,315485.5,9242,,,,0,4046,4915,5762,8115,631,2390,646,2
73,-41,1118,27408,145,,,,317202,1716.5,,,,0,4085,4936,5787,8138,638,2407,648,2
74,-40,1118,27559,151,,,,318821.5,1619.5,,,,0,4117,4961,5817,8155,645,2433,652,2
75,-39,1118,27739,180,,,,320530.5,1709,,,,0,4147,4974,5845,8175,658,2456,656,2
76,-37,1118,27928,189,,,,322413.5,1883,,,,0,4142,5017,5873,8214,688,2496,660,2
77,-36,1118,28689,761,,,,332387,9973.5,,,,0,4695,5048,5914,8247,712,2557,670,3
78,-35,1118,28882,193,,,,334262.5,1875.5,,,,0,4716,5062,5946,8291,724,2598,683,3
79,-34,1118,29051,169,,,,336219,1956.5,,,,0,4743,5078,5979,8321,734,2632,688,3
80,-33,1118,29589,538,,,,341905,5686,,,,0,4797,5322,6101,8375,750,2661,700,4
81,-32,1118,29694,105,,,,343108.5,1203.5,,,,0,4803,5344,6124,8398,752,2678,706,4
82,-30,1118,29896,202,,,,344839,1730.5,,,,0,4791,5372,6174,8435,762,2715,717,6
83,-29,1118,30114,218,,,,347090,2251,,,,0,4792,5394,6221,8480,776,2751,728,14
84,-28,1118,30298,184,,,,349082,1992,,,,0,4809,5392,6272,8504,791,2795,739,15
85,-27,1118,30484,186,,,,350960.5,1878.5,,,,0,4830,5406,6302,8548,803,2832,749,15
86,-26,1118,30980,496,,,,355999.5,5039,,,,0,4883,5553,6422,8591,819,2864,758,16
87,-25,1118,31162,182,,,,357784.5,1785,,,,0,4900,5587,6463,8616,824,2901,767,17
88,-23,1118,31446,284,,,,360464,2679.5,,,,0,4888,5635,6527,8659,844,2973,793,17
89,-22,1118,31436,-10,,,,360482.5,18.5,,,,0,4882,5631,6529,8656,844,2974,797,17
90,-21,1118,31437,1,,,,360474.5,-8,,,,0,4876,5625,6533,8661,842,2977,801,17
91,-20,1118,30427,-1010,,,,351297,-9177.5,,,,0,4803,5460,6322,8311,778,2906,780,16
92,-19,1118,30452,25,,,,351293,-4,,,,0,4801,5457,6332,8320,782,2911,784,16
93,-18,1118,30453,1,,,,351302,9,,,,0,4801,5457,6333,8320,782,2911,784,16
94,-16,1118,30469,16,,,,351602,300,,,,0,4794,5451,6344,8323,784,2918,789,16
95,-15,1118,30483,14,,,,351751,149,,,,0,4792,5448,6348,8327,785,2925,792,16
96,-14,1118,30514,31,,,,352284.5,533.5,,,,0,4786,5452,6351,8332,786,2938,799,16
97,-13,1118,30538,24,,,,353237.5,953,,,,0,4788,5444,6348,8338,801,2943,799,21
98,-12,1118,30525,-13,,,,354413.5,1176,,,,0,4774,5436,6355,8347,801,2944,799,21
99,-11,1118,30525,0,,,,355578,1164.5,,,,0,4774,5439,6355,8349,799,2945,799,21
100,-9,1118,30539,14,,,,356282.5,704.5,,,,0,4703,5351,6204,8658,801,2950,811,21
101,-8,1118,30542,3,,,,357245.5,963,,,,0,4703,5354,6201,8648,802,2952,821,21
102,-7,1118,31062,520,,,,362473.5,5228,,,,0,4736,5378,6304,8805,843,3061,848,21
103,-6,1118,33761,2699,,,,387848,25374.5,,,,0,5319,5572,6643,9274,1006,3611,1081,25
104,-5,1118,34779,1018,,,,396849.5,9001.5,,,,0,5379,5767,6813,9416,1076,3780,1202,28
105,-4,1118,35153,374,,,,399804,2954.5,,,,0,5395,5795,6880,9457,1100,3908,1251,30
106,-2,1118,35827,674,,,,406122.5,6318.5,,,,0,5405,5849,6969,9554,1157,4073,1408,36
107,-1,1118,35048,-779,,,,399683,-6439.5,,,,0,5232,5649,6783,9253,1115,4122,1525,36
108,0,1118,36552,1504,,,,414476.5,14793.5,,,,0,5427,5914,7111,9548,1223,4256,1609,37
109,1,1118,36949,397,,,,418633.5,4157,,,,0,5459,5949,7178,9642,1262,4310,1646,37
110,-125,1128,16494,0,,,,187670.5,0,,,,0,2326,3191,4587,4201,241,1267,381,1
111,-124,1128,16706,212,,,,190206,2535.5,,,,0,2351,3246,4628,4247,245,1283,386,1
112,,1128,16831,125,,,,191642,1436,,,,1,2366,3274,4661,4270,251,1295,390,1
113,-122,1128,16955,124,,,,193078,1436,,,,0,2381,3301,4694,4293,257,1306,394,1
114,-120,1128,17191,236,,,,195945.5,2867.5,,,,0,2408,3350,4756,4343,264,1330,402,1
115,-119,1128,17371,180,,,,198207,2261.5,,,,0,2433,3383,4798,4380,269,1348,415,1
116,-118,1128,17533,162,,,,200262.5,2055.5,,,,0,2454,3411,4844,4409,273,1366,426,2
117,-117,1128,17917,384,,,,204709.5,4447,,,,0,2495,3550,4924,4448,279,1401,435,2
118,-116,1128,18023,106,,,,206055.5,1346,,,,0,2515,3594,4956,4454,280,1405,434,2
119,-115,1128,18122,99,,,,207249.5,1194,,,,0,2529,3614,4984,4468,282,1420,436,2
120,-113,1128,18259,137,,,,209024.5,1775,,,,0,2555,3636,5011,4497,288,1440,436,2
121,-112,1128,18384,125,,,,210626.5,1602,,,,0,2573,3661,5033,4529,291,1453,442,2
122,-111,1128,18513,129,,,,212089.5,1463,,,,0,2590,3687,5072,4543,295,1462,451,2
123,-110,1128,18672,159,,,,213739.5,1650,,,,0,2605,3713,5109,4576,299,1480,462,2
124,-109,1128,18770,98,,,,214912.5,1173,,,,0,2613,3732,5130,4600,305,1490,467,2
125,-108,1128,18871,101,,,,216060.5,1148,,,,0,2627,3756,5149,4618,307,1504,472,2
126,-106,1128,19042,171,,,,218036,1975.5,,,,0,1070,3749,4674,6789,309,1525,485,2
127,-105,1128,19203,161,,,,220018,1982,,,,0,1089,3774,4728,6805,319,1547,487,2
128,-104,1128,19308,105,,,,221218.5,1200.5,,,,0,1100,3784,4751,6833,325,1562,493,2
129,-103,1128,19403,95,,,,222424.5,1206,,,,0,1104,3788,4786,6855,331,1578,498,2
130,-102,1128,19479,76,,,,223301.5,877,,,,0,1104,3797,4804,6869,340,1593,500,2
131,-101,1128,19533,54,,,,223984.5,683,,,,0,1110,3806,4816,6883,343,1600,500,2
132,-99,1128,19612,79,,,,225056.5,1072,,,,0,1112,3810,4837,6907,364,1603,503,2
133,-98,1128,19698,86,,,,226021.5,965,,,,0,1114,3828,4859,6925,372,1616,504,2
134,-97,1128,19771,73,,,,226900,878.5,,,,0,1110,3842,4872,6953,375,1625,511,2
135,-96,1128,19854,83,,,,227745,845,,,,0,1116,3845,4901,6975,378,1630,516,2
136,-95,1128,19896,42,,,,228309.5,564.5,,,,0,1121,3846,4921,6986,378,1633,516,2
137,-94,1128,19957,61,,,,228923.5,614,,,,0,1123,3857,4936,7008,381,1636,517,2
138,-92,1128,19986,29,,,,229263.5,340,,,,0,1125,3861,4938,7017,382,1639,521,2
139,-91,1128,20046,60,,,,229939.5,676,,,,0,1126,3864,4954,7028,389,1653,525,2
140,-90,1128,20165,119,,,,231103.5,1164,,,,0,1134,3885,4977,7062,393,1670,531,2
141,-89,1128,20244,79,,,,232014.5,911,,,,0,1136,3897,4990,7089,400,1679,534,2
142,-88,1128,20681,437,,,,237097,5082.5,,,,0,1182,4108,5092,7120,405,1686,537,2
143,-87,1128,20747,66,,,,237808,711,,,,0,1184,4122,5108,7138,407,1693,541,2
144,-85,1128,20834,87,,,,238844.5,1036.5,,,,0,1184,4105,5087,7248,411,1705,540,2
145,-84,1128,20893,59,,,,239646.5,802,,,,0,1181,4112,5107,7262,415,1718,543,2
146,-83,1128,20953,60,,,,240408.5,762,,,,0,1177,4122,5136,7275,416,1726,545,2
147,-82,1128,21018,65,,,,241095.5,687,,,,0,1176,4122,5165,7289,420,1736,547,2
148,-81,1128,21047,29,,,,241445.5,350,,,,0,1173,4132,5173,7298,420,1741,547,2
149,-80,1128,21109,62,,,,242077,631.5,,,,0,1177,4141,5190,7313,421,1751,549,2
150,-78,1128,21197,88,,,,243058.5,981.5,,,,0,1184,4152,5212,7328,430,1766,553,2
151,-77,1128,21235,38,,,,244108.5,1050,,,,0,1191,4158,5230,7346,382,1791,555,2
152,-76,1128,21385,150,,,,244897,788.5,,,,0,1203,4163,5250,7372,450,1802,559,2
153,-75,1128,21471,86,,,,245722,825,,,,0,1211,4161,5262,7402,458,1819,562,2
154,-74,1128,22187,716,,,,255624.5,9902.5,,,,0,1778,4177,5284,7416,471,1836,567,2
155,-73,1128,22254,67,,,,256419.5,795,,,,0,1787,4180,5298,7429,478,1855,570,2
156,-71,1128,22319,65,,,,257131,711.5,,,,0,1786,4191,5312,7444,481,1870,574,3
157,-70,1128,22975,656,,,,266310,9179,,,,0,2361,4205,5328,7450,489,1895,579,3
158,-69,1128,23061,86,,,,267197.5,887.5,,,,0,2361,4216,5357,7465,495,1910,581,3
159,-68,1128,23125,64,,,,267873.5,676,,,,0,2368,4222,5369,7482,496,1921,587,3
160,-67,1128,23168,43,,,,268418.5,545,,,,0,2374,4222,5374,7492,501,1932,589,3
161,-66,1128,23222,54,,,,268817.5,399,,,,0,2375,4229,5387,7504,503,1943,592,3
162,-64,1128,23303,81,,,,269729.5,912,,,,0,2371,4242,5407,7532,506,1957,595,3
163,-63,1128,23386,83,,,,270539,809.5,,,,0,2374,4245,5423,7555,508,1978,599,3
164,-62,1128,24037,651,,,,279842.5,9303.5,,,,0,2944,4265,5443,7568,512,1992,605,3
165,-61,1128,24132,95,,,,280793.5,951,,,,0,2945,4275,5464,7591,519,2011,611,3
166,-60,1128,24691,559,,,,287176.5,6383,,,,0,3004,4562,5607,7622,529,2035,613,3
167,-59,1128,24782,91,,,,288155.5,979,,,,0,3010,4577,5628,7640,536,2054,615,3
168,-57,1128,24901,119,,,,289389,1233.5,,,,0,3016,4585,5648,7661,556,2083,619,3
169,,1128,24954,53,,,,290014,625,,,,1,3018,4589,5664,7673,560,2090,622,3
170,-55,1128,25007,53,,,,290639,625,,,,0,3020,4593,5680,7684,564,2097,624,3
171,-54,1128,25132,125,,,,291987,1348,,,,0,3050,4602,5696,7704,571,2115,635,3
172,-53,1128,25656,524,,,,297973.5,5986.5,,,,0,3076,4866,5800,7751,576,2135,642,3
173,-52,1128,25759,103,,,,299192.5,1219,,,,0,3082,4879,5822,7783,582,2147,646,3
174,-50,1128,25968,209,,,,301283,2090.5,,,,0,3002,4808,5704,8165,605,2182,661,3
175,-49,1128,26075,107,,,,302536,1253,,,,0,3003,4819,5729,8187,619,2197,668,3
176,-48,1128,26813,738,,,,312710,10174,,,,0,3614,4849,5756,8213,623,2214,674,3
177,-47,1128,26974,161,,,,314399,1689,,,,0,3645,4863,5779,8242,638,2250,681,3
178,-46,1128,27635,661,,,,321984,7585,,,,0,3753,5108,5929,8296,652,2272,689,3
179,-45,1128,27741,106,,,,323139,1155,,,,0,3768,5127,5951,8318,658,2285,694,3
180,-43,1128,27947,206,,,,325500.5,2361.5,,,,0,3808,5157,5982,8351,673,2314,703,3
181,-42,1128,28692,745,,,,335462,9961.5,,,,0,4412,5181,6012,8381,683,2349,708,3
182,-41,1128,28863,171,,,,337435,1973,,,,0,4416,5203,6058,8410,701,2371,716,3
183,-40,1128,28985,122,,,,338993,1558,,,,0,4429,5221,6086,8431,708,2394,718,3
184,-39,1128,29751,766,,,,349219.5,10226.5,,,,0,5055,5259,6097,8448,717,2419,725,3
185,-38,1128,29832,81,,,,350248.5,1029,,,,0,5060,5276,6112,8468,720,2430,729,3
186,-36,1128,29992,160,,,,351962,1713.5,,,,0,5051,5290,6158,8514,741,2453,742,3
187,-35,1128,30106,114,,,,353143,1181,,,,0,5055,5304,6183,8540,749,2469,750,3
188,-34,1128,30235,129,,,,354724.5,1581.5,,,,0,5055,5324,6205,8574,758,2494,758,3
189,-33,1128,30354,119,,,,355985.5,1261,,,,0,5049,5336,6239,8611,767,2512,765,3
190,-32,1128,30877,523,,,,361250,5264.5,,,,0,5104,5565,6375,8655,781,2533,773,3
191,-31,1128,31034,157,,,,362886.5,1636.5,,,,0,5109,5587,6409,8675,785,2554,778,3
192,-29,1128,31215,181,,,,364902,2015.5,,,,0,5123,5617,6441,8713,799,2584,789,3
193,-28,1128,31415,200,,,,366854.5,1952.5,,,,0,5124,5638,6481,8750,812,2614,805,6
194,-27,1128,31574,159,,,,368384,1529.5,,,,0,5123,5652,6513,8785,823,2649,822,13
195,-26,1128,31751,177,,,,370334,1950,,,,0,5124,5668,6542,8815,841,2730,812,16
196,-25,1128,32190,439,,,,374926.5,4592.5,,,,0,5160,5806,6674,8870,860,2779,815,19
197,-24,1128,32352,162,,,,376423.5,1497,,,,0,5168,5830,6705,8905,866,2816,825,21
198,-22,1128,32668,316,,,,379751,3327.5,,,,0,5170,5852,6776,8977,887,2896,849,22
199,-21,1128,32659,-9,,,,379766,15,,,,0,5157,5848,6787,8972,887,2895,852,22
200,-20,1128,32656,-3,,,,379777,11,,,,0,5149,5844,6790,8972,883,2903,856,22
201,-19,1128,31579,-1077,,,,370407.5,-9369.5,,,,0,5064,5682,6570,8601,807,2801,837,22
202,-18,1128,31596,17,,,,370547.5,140,,,,0,5066,5677,6558,8623,811,2804,841,22
203,-17,1128,31597,1,,,,370557.5,10,,,,0,5066,5677,6558,8623,810,2805,842,22
204,-15,1128,31626,29,,,,370911.5,354,,,,0,4996,5587,6405,8949,810,2812,852,22
205,-14,1128,31623,-3,,,,371129,217.5,,,,0,4989,5597,6411,8930,810,2813,859,22
206,-13,1128,31464,-159,,,,370075,-1054,,,,0,4976,5524,6350,8915,810,2816,865,22
207,-12,1128,31476,12,,,,371147.5,1072.5,,,,0,4974,5518,6354,8924,812,2818,871,22
208,-11,1128,31480,4,,,,372053,905.5,,,,0,4970,5518,6354,8926,812,2814,878,22
209,-10,1128,31482,2,,,,372462.5,409.5,,,,0,4972,5519,6357,8926,812,2814,878,22
210,-8,1128,31488,6,,,,372940.5,478,,,,0,4966,5514,6364,8933,813,2815,882,22
211,-7,1128,31504,16,,,,373748.5,808,,,,0,4946,5511,6368,8951,817,2819,890,22
212,-6,1128,34093,2589,,,,396651.5,22903,,,,0,5050,5751,6849,9596,975,3322,1184,32
213,-5,1128,35273,1180,,,,409371.5,12720,,,,0,5629,5783,6909,9701,1028,3470,1319,32
214,-4,1128,36075,802,,,,416947.5,7576,,,,0,5705,5931,7051,9799,1072,3601,1455,33
215,-3,1128,36385,310,,,,418996.5,2049,,,,0,5717,5957,7082,9849,1092,3679,1522,34
216,-1,1128,35432,-953,,,,410746.5,-8250,,,,0,5498,5732,6869,9576,1052,3653,1614,36
217,0,1128,36791,1359,,,,424135.5,13389,,,,0,5715,5947,7098,9828,1142,3787,1675,38
218,1,1128,37191,400,,,,427968,3832.5,,,,0,5741,5988,7197,9913,1165,3847,1716,38
219,-125,1138,16670,0,,,,193240,0,,,,0,2519,3367,4597,4174,273,1145,352,1
220,-124,1138,16856,186,,,,195370,2130,,,,0,2544,3419,4637,4197,278,1171,360,1
221,,1138,16987,131,,,,196844,1474,,,,1,2567,3443,4661,4221,281,1193,369,1
222,-122,1138,17117,130,,,,198318,1474,,,,0,2590,3467,4684,4244,284,1214,377,1
223,-120,1138,17285,168,,,,200511,2193,,,,0,2613,3499,4719,4288,284,1224,392,1
224,-119,1138,17472,187,,,,202671.5,2160.5,,,,0,2641,3529,4771,4329,287,1242,400,1
225,-118,1138,17643,171,,,,204685.5,2014,,,,0,2663,3563,4809,4362,291,1259,409,1
226,-117,1138,17805,162,,,,206511,1825.5,,,,0,2686,3604,4846,4391,292,1274,419,1
227,-116,1138,18072,267,,,,209565,3054,,,,0,2732,3716,4893,4418,299,1285,421,1
228,-115,1138,18204,132,,,,211155,1590,,,,0,2750,3755,4916,4439,305,1304,422,1
229,-113,1138,18356,152,,,,213097,1942,,,,0,2774,3780,4936,4474,308,1327,435,1
230,-112,1138,18522,166,,,,215021,1924,,,,0,2786,3810,4972,4517,311,1350,444,1
231,-111,1138,18697,175,,,,216895.5,1874.5,,,,0,2802,3845,4999,4563,319,1376,451,1
232,-110,1138,18848,151,,,,218623.5,1728,,,,0,2813,3866,5033,4607,324,1395,461,1
233,-109,1138,18941,93,,,,219612,988.5,,,,0,2820,3882,5047,4641,326,1403,466,1
234,-108,1138,19031,90,,,,220552,940,,,,0,2831,3897,5070,4661,329,1415,468,1
235,-106,1138,19195,164,,,,222557,2005,,,,0,1132,3994,4666,6785,336,1435,475,1
236,-105,1138,19362,167,,,,224759,2202,,,,0,1161,4024,4715,6808,344,1452,482,1
237,-104,1138,19503,141,,,,226468.5,1709.5,,,,0,1162,4046,4755,6855,348,1464,488,1
238,-103,1138,19615,112,,,,227827,1358.5,,,,0,1168,4054,4786,6886,353,1482,496,1
239,-102,1138,19709,94,,,,228890,1063,,,,0,1174,4066,4811,6907,364,1492,498,1
240,-101,1138,19775,66,,,,229698,808,,,,0,1183,4077,4824,6924,368,1497,499,1
241,-99,1138,19865,90,,,,230695.5,997.5,,,,0,1183,4084,4846,6950,380,1508,505,1
242,-98,1138,19954,89,,,,231755,1059.5,,,,0,1186,4093,4873,6974,384,1520,512,1
243,-97,1138,20039,85,,,,232724,969,,,,0,1185,4099,4895,6999,392,1537,515,1
244,-96,1138,20114,75,,,,233544,820,,,,0,1185,4112,4913,7018,399,1546,518,1
245,-95,1138,20169,55,,,,234182,638,,,,0,1189,4114,4928,7039,400,1551,524,1
246,-94,1138,20193,24,,,,234435.5,253.5,,,,0,1191,4119,4933,7044,402,1554,526,1
247,-92,1138,20226,33,,,,234806.5,371,,,,0,1192,4123,4941,7057,405,1555,528,1
248,-91,1138,20308,82,,,,235812,1005.5,,,,0,1202,4128,4962,7076,408,1571,535,1
249,,1138,20384,76,,,,236650,838,,,,1,1204,4135,4982,7103,411,1579,540,1
250,-89,1138,20459,75,,,,237488,838,,,,0,1206,4141,5001,7129,413,1587,544,1
251,-88,1138,20925,466,,,,242911,5423,,,,0,1322,4349,5090,7158,416,1600,547,1
252,-87,1138,21004,79,,,,243971,1060,,,,0,1334,4376,5104,7173,418,1604,550,1
253,-85,1138,21120,116,,,,245249.5,1278.5,,,,0,1324,4380,5093,7266,428,1618,555,1
254,-84,1138,21224,104,,,,246336.5,1087,,,,0,1323,4396,5122,7287,434,1632,560,1
255,-83,1138,21325,101,,,,247468,1131.5,,,,0,1317,4408,5156,7314,445,1647,563,1
256,-82,1138,21434,109,,,,248714,1246,,,,0,1319,4421,5173,7339,448,1654,565,1
257,-81,1138,21492,58,,,,249304,590,,,,0,1318,4422,5193,7352,454,1665,567,1
258,-80,1138,21568,76,,,,250160,856,,,,0,1324,4434,5205,7377,461,1672,568,1
259,-78,1138,21643,75,,,,251016,856,,,,0,1321,4434,5232,7392,469,1689,572,1
260,-77,1138,21731,88,,,,251771,755,,,,0,1326,4444,5259,7410,474,1702,576,1
261,-76,1138,21816,85,,,,252708.5,937.5,,,,0,1322,4459,5280,7429,478,1723,581,1
262,-75,1138,21892,76,,,,253668.5,960,,,,0,1323,4470,5302,7447,481,1738,580,1
263,-74,1138,21948,56,,,,254154.5,486,,,,0,1318,4472,5321,7461,489,1751,583,1
264,-73,1138,21996,48,,,,254651.5,497,,,,0,1321,4484,5330,7470,495,1755,586,1
265,-71,1138,22093,97,,,,255722.5,1071,,,,0,1320,4500,5355,7492,496,1777,590,1
266,-70,1138,22185,92,,,,256575.5,853,,,,0,1321,4502,5380,7512,507,1799,597,1
267,-69,1138,22870,685,,,,266049,9473.5,,,,0,1895,4507,5410,7526,517,1809,599,1
268,-68,1138,22948,78,,,,266902,853,,,,0,1899,4510,5428,7539,524,1828,607,1
269,-67,1138,22999,51,,,,267456,554,,,,0,1893,4521,5438,7556,526,1839,608,1
270,-66,1138,23062,63,,,,267985,529,,,,0,1896,4527,5457,7569,532,1849,614,1
271,-64,1138,23131,69,,,,268699,714,,,,0,1898,4537,5476,7590,539,1850,619,1
272,-63,1138,23815,684,,,,277540,8841,,,,0,2435,4567,5505,7607,544,1872,625,1
273,-62,1138,23913,98,,,,278761,1221,,,,0,2442,4575,5521,7633,550,1890,631,3
274,-61,1138,23994,81,,,,279623,862,,,,0,2448,4577,5544,7649,557,1909,633,5
275,-60,1138,24637,643,,,,288511.5,8888.5,,,,0,3015,4583,5565,7667,564,1921,639,5
276,-59,1138,24707,70,,,,289249,737.5,,,,0,3018,4591,5578,7685,567,1938,646,6
277,-57,1138,24777,70,,,,289945.5,696.5,,,,0,3019,4582,5596,7713,568,1962,650,7
278,-56,1138,24903,126,,,,291244,1298.5,,,,0,3022,4590,5623,7748,583,1985,654,8
279,-55,1138,25325,422,,,,296036,4792,,,,0,3070,4772,5741,7782,595,1999,657,9
280,-54,1138,25371,46,,,,296534,498,,,,0,3074,4779,5754,7788,597,2008,658,9
281,-53,1138,25471,100,,,,297582,1048,,,,0,3065,4801,5785,7805,606,2027,660,11
282,-52,1138,25552,81,,,,298416,834,,,,0,3073,4805,5803,7826,611,2040,663,11
283,-50,1138,25677,125,,,,299678.5,1262.5,,,,0,3010,4746,5697,8128,624,2061,673,12
284,-49,1138,25806,129,,,,301205,1526.5,,,,0,2999,4772,5720,8172,639,2082,679,15
285,-48,1138,25990,184,,,,303529,2324,,,,0,3039,4798,5764,8203,648,2101,683,15
286,,1138,26633,643,,,,311871,8342,,,,1,3368,4962,5839,8236,658,2117,687,15
287,-46,1138,27275,642,,,,320212,8341,,,,0,3697,5125,5914,8268,667,2133,690,15
288,-45,1138,27417,142,,,,321871,1659,,,,0,3724,5148,5944,8293,674,2153,690,16
289,-43,1138,27595,178,,,,323840,1969,,,,0,3763,5178,5968,8323,680,2178,698,17
290,-42,1138,28371,776,,,,334232,10392,,,,0,4337,5215,6008,8347,692,2195,709,17
291,-41,1138,28504,133,,,,335896.5,1664.5,,,,0,4355,5221,6035,8381,700,2220,713,17
292,-40,1138,28637,133,,,,337273,1376.5,,,,0,4345,5243,6068,8415,710,2236,719,17
293,-39,1138,29347,710,,,,346994,9721,,,,0,4886,5281,6091,8434,716,2256,725,17
294,-38,1138,29425,78,,,,347779,785,,,,0,4891,5291,6100,8457,723,2265,729,17
295,-36,1138,29583,158,,,,349301.5,1522.5,,,,0,4893,5304,6138,8496,726,2295,735,17
296,-35,1138,29753,170,,,,350853.5,1552,,,,0,4901,5306,6195,8524,743,2325,745,20
297,-34,1138,29880,127,,,,352159.5,1306,,,,0,4905,5325,6229,8552,751,2344,749,21
298,-33,1138,30034,154,,,,353597,1437.5,,,,0,4905,5343,6264,8576,763,2367,766,23
299,-32,1138,30595,561,,,,359721,6124,,,,0,4976,5606,6389,8617,772,2398,780,24
300,-31,1138,30717,122,,,,361037.5,1316.5,,,,0,4984,5630,6419,8638,780,2417,783,24
301,-29,1138,30893,176,,,,362596,1558.5,,,,0,4992,5645,6463,8670,802,2449,797,25
302,-28,1138,31074,181,,,,364004.5,1408.5,,,,0,4995,5659,6503,8710,811,2497,814,25
303,-27,1138,31764,690,,,,372848.5,8844,,,,0,5460,5675,6546,8755,820,2549,805,27
304,-26,1138,31889,125,,,,374234.5,1386,,,,0,5465,5674,6573,8781,829,2578,818,27
305,-25,1138,32443,554,,,,379886.5,5652,,,,0,5540,5880,6737,8833,840,2598,834,27
306,-24,1138,32594,151,,,,381388.5,1502,,,,0,5552,5901,6762,8864,852,2629,844,28
307,-22,1138,32797,203,,,,383372,1983.5,,,,0,5553,5924,6808,8905,876,2664,862,28
308,-21,1138,32993,196,,,,385370,1998,,,,0,5562,5927,6849,8947,891,2705,896,29
309,-20,1138,33174,181,,,,387132,1762,,,,0,5565,5942,6881,8987,902,2737,931,29
310,-19,1138,33341,167,,,,388775.5,1643.5,,,,0,5557,5960,6918,9019,912,2774,954,29
311,-18,1138,33476,135,,,,390112.5,1337,,,,0,5557,5973,6936,9048,934,2793,983,29
312,-17,1138,33584,108,,,,391089,976.5,,,,0,5561,5978,6949,9080,936,2820,1000,30
313,-15,1138,33806,222,,,,393122.5,2033.5,,,,0,5513,5885,6775,9473,957,2868,1044,30
314,-14,1138,34039,233,,,,395418.5,2296,,,,0,5515,5915,6827,9502,969,2914,1091,31
315,-13,1138,34066,27,,,,396038,619.5,,,,0,5489,5860,6794,9524,993,2958,1127,31
316,-12,1138,33404,-662,,,,391725.5,-4312.5,,,,0,5422,5771,6667,9268,950,2916,1123,32
317,-11,1138,33775,371,,,,395324,3598.5,,,,0,5449,5807,6740,9372,983,2966,1149,33
318,-10,1138,34039,264,,,,397673.5,2349.5,,,,0,5463,5831,6787,9422,993,2999,1159,33
319,-8,1138,34386,347,,,,400799.5,3126,,,,0,5461,5851,6831,9501,1017,3099,1221,33
320,-7,1138,34753,367,,,,404170.5,3371,,,,0,5461,5874,6895,9574,1044,3186,1292,35
321,-6,1138,35101,348,,,,407253.5,3083,,,,0,5461,5897,6948,9656,1071,3254,1372,35
322,-5,1138,35737,636,,,,413928.5,6675,,,,0,5717,5920,6981,9720,1105,3347,1463,35
323,-4,1138,36469,732,,,,421077,7148.5,,,,0,5795,6122,7163,9788,1115,3426,1553,35
324,-3,1138,36704,235,,,,423012.5,1935.5,,,,0,5809,6146,7198,9835,1128,3475,1591,36
325,-1,1138,35478,-1226,,,,412443.5,-10569,,,,0,5567,5918,6933,9500,1065,3438,1617,36
326,0,1138,37133,1655,,,,428867,16423.5,,,,0,5864,6217,7273,9814,1124,3563,1703,37
327,1,1138,37551,418,,,,432794,3927,,,,0,5908,6274,7352,9908,1146,3616,1741,38
328,-125,1148,16402,0,,,,191455,0,,,,0,2386,3440,4469,4092,270,1141,313,1
329,-124,1148,16613,211,,,,193985.5,2530.5,,,,0,2408,3487,4513,4136,275,1167,323,1
330,-123,1148,16825,212,,,,196518,2532.5,,,,0,2435,3534,4555,4177,281,1194,333,1
331,-122,1148,16984,159,,,,198300,1782,,,,0,2453,3562,4595,4204,286,1217,342,1
332,,1148,17107,123,,,,199716,1416,,,,1,2469,3587,4625,4229,291,1226,348,1
333,-120,1148,17230,123,,,,201131.5,1415.5,,,,0,2485,3611,4654,4254,295,1235,354,1
334,-118,1148,17397,167,,,,202967.5,1836,,,,0,2515,3635,4694,4282,298,1258,365,1
335,-117,1148,17600,203,,,,205181.5,2214,,,,0,2540,3673,4737,4334,305,1278,378,1
336,-116,1148,17746,146,,,,206929.5,1748,,,,0,2556,3699,4775,4354,313,1300,384,1
337,-115,1148,17918,172,,,,208885.5,1956,,,,0,2580,3734,4813,4386,317,1321,395,1
338,-114,1148,18415,497,,,,214148,5262.5,,,,0,2653,3951,4912,4438,324,1349,404,1
339,-113,1148,18552,137,,,,215595,1447,,,,0,2674,3986,4945,4457,327,1364,409,1
340,-111,1148,18695,143,,,,217472,1877,,,,0,2687,4022,4970,4491,331,1385,415,1
341,-110,1148,18870,175,,,,219538,2066,,,,0,2710,4054,5002,4533,339,1407,422,1
342,-109,1148,19022,152,,,,221289,1751,,,,0,2727,4075,5039,4569,344,1423,432,1
343,-108,1148,19145,123,,,,222847.5,1558.5,,,,0,2742,4100,5064,4594,347,1440,437,1
344,-107,1148,19257,112,,,,224195.5,1348,,,,0,2758,4113,5095,4607,352,1457,445,1
345,-106,1148,19353,96,,,,225223.5,1028,,,,0,2767,4134,5119,4627,356,1469,449,1
346,-104,1148,19482,129,,,,226731.5,1508,,,,0,1092,4097,4774,6778,360,1480,459,1
347,-103,1148,19694,212,,,,229616.5,2885,,,,0,1110,4150,4830,6810,364,1506,469,1
348,-102,1148,19867,173,,,,231546.5,1930,,,,0,1114,4174,4876,6865,369,1520,476,1
349,-101,1148,20007,140,,,,233132.5,1586,,,,0,1116,4201,4906,6900,376,1542,480,1
350,-100,1148,20106,99,,,,234160,1027.5,,,,0,1118,4215,4945,6922,382,1549,488,1
351,-99,1148,20189,83,,,,235050,890,,,,0,1121,4222,4964,6950,385,1562,493,1
352,-97,1148,20311,122,,,,236558.5,1508.5,,,,0,1129,4236,4992,6979,398,1573,498,1
353,-96,1148,20440,129,,,,237928.5,1370,,,,0,1137,4246,5014,7019,403,1597,508,1
354,-95,1148,20539,99,,,,239032,1103.5,,,,0,1146,4245,5036,7056,408,1610,512,1
355,-94,1148,20627,88,,,,240072,1040,,,,0,1152,4257,5055,7076,417,1616,521,1
356,-93,1148,20700,73,,,,240869,797,,,,0,1159,4262,5072,7088,423,1628,528,1
357,-92,1148,20766,66,,,,241598,729,,,,0,1167,4269,5086,7116,425,1635,529,1
358,-90,1148,20816,50,,,,242063,465,,,,0,1172,4276,5103,7125,427,1637,535,1
359,-89,1148,20944,128,,,,243456,1393,,,,0,1179,4288,5125,7162,430,1651,544,1
360,-88,1148,21058,114,,,,244639,1183,,,,0,1181,4295,5160,7194,434,1663,548,1
361,-87,1148,21145,87,,,,245764,1125,,,,0,1187,4302,5187,7217,434,1674,554,1
362,-86,1148,21623,478,,,,251195,5431,,,,0,1253,4538,5296,7258,439,1686,560,1
363,-85,1148,21709,86,,,,252198,1003,,,,0,1258,4559,5322,7276,442,1689,564,1
364,-83,1148,21842,133,,,,253740.5,1542.5,,,,0,1257,4582,5368,7298,446,1713,570,1
365,-82,1148,21930,88,,,,254781.5,1041,,,,0,1262,4575,5350,7374,448,1725,575,1
366,-81,1148,22011,81,,,,255838.5,1057,,,,0,1264,4584,5369,7393,453,1732,580,1
367,-80,1148,22087,76,,,,256737.5,899,,,,0,1272,4587,5390,7412,456,1743,587,1
368,,1148,22144,57,,,,257332,594.5,,,,1,1271,4586,5389,7411,455,1742,586,1
369,,1148,22202,58,,,,257926,594,,,,1,1270,4585,5388,7410,454,1741,585,1
370,-76,1148,22260,58,,,,258520.5,594.5,,,,0,1270,4593,5444,7451,462,1787,597,1
371,-75,1148,22379,119,,,,259949.5,1429,,,,0,1267,4572,5507,7477,472,1809,601,1
372,-74,1148,22469,90,,,,260988,1038.5,,,,0,1272,4581,5525,7501,478,1820,607,1
373,-73,1148,22554,85,,,,261924,936,,,,0,1266,4572,5571,7523,479,1844,602,1
374,-72,1148,22611,57,,,,262478,554,,,,0,1272,4576,5583,7537,484,1859,602,1
375,-71,1148,22671,60,,,,263192,714,,,,0,1275,4581,5594,7552,487,1875,603,1
376,-69,1148,22765,94,,,,264189.5,997.5,,,,0,1277,4582,5616,7570,487,1889,618,1
377,-68,1148,22856,91,,,,265254.5,1065,,,,0,1279,4592,5643,7589,489,1904,623,1
378,-67,1148,23546,690,,,,274606.5,9352,,,,0,1859,4615,5663,7606,488,1926,633,1
379,-66,1148,23642,96,,,,275758.5,1152,,,,0,1870,4619,5685,7626,488,1946,635,1
380,-65,1148,23700,58,,,,276445.5,687,,,,0,1872,4620,5703,7634,490,1955,642,1
381,-64,1148,23751,51,,,,276891.5,446,,,,0,1878,4624,5710,7650,493,1960,645,1
382,-62,1148,23846,95,,,,277981.5,1090,,,,0,1879,4628,5732,7670,502,1978,652,1
383,-61,1148,24520,674,,,,287118.5,9137,,,,0,2464,4647,5751,7687,505,1991,661,1
384,-60,1148,24613,93,,,,288190,1071.5,,,,0,2469,4665,5765,7702,509,2014,666,1
385,-59,1148,24689,76,,,,289157,967,,,,0,2473,4673,5785,7719,511,2025,673,1
386,-58,1148,25358,669,,,,298396.5,9239.5,,,,0,3062,4691,5798,7738,515,2036,678,1
387,-57,1148,25427,69,,,,299282.5,886,,,,0,3070,4702,5814,7754,517,2046,680,1
388,-55,1148,25508,81,,,,300149.5,867,,,,0,3063,4721,5828,7769,520,2069,689,1
389,-54,1148,25637,129,,,,301649.5,1500,,,,0,3066,4739,5849,7788,523,2097,695,1
390,-53,1148,26142,505,,,,307427.5,5778,,,,0,3122,4952,5979,7839,529,2122,703,1
391,-52,1148,26256,114,,,,308802.5,1375,,,,0,3110,4983,6010,7859,536,2135,710,1
392,-51,1148,26284,28,,,,309073.5,271,,,,0,3111,4986,6025,7862,536,2138,710,1
393,-50,1148,26386,102,,,,310025.5,952,,,,0,3114,5010,6047,7881,539,2159,713,1
394,-48,1148,26557,171,,,,311833.5,1808,,,,0,3052,4937,5954,8220,547,2186,724,2
395,-47,1148,26712,155,,,,313761.5,1928,,,,0,3084,4955,5978,8254,554,2203,737,2
396,-46,1148,27455,743,,,,323942.5,10181,,,,0,3667,4995,6018,8280,568,2224,744,2
397,-45,1148,27614,159,,,,325685,1742.5,,,,0,3704,5009,6042,8308,577,2245,755,2
398,-44,1148,28185,571,,,,329306,3621,,,,0,3830,5276,6152,8349,586,2260,758,2
399,-43,1148,28243,58,,,,332927.5,3621.5,,,,0,3835,5291,6161,8360,588,2266,763,2
400,-41,1148,28408,165,,,,334724,1796.5,,,,0,3840,5314,6196,8389,596,2297,773,2
401,-40,1148,29119,711,,,,344341.5,9617.5,,,,0,4385,5356,6224,8422,605,2320,783,2
402,-39,1148,29281,162,,,,346405.5,2064,,,,0,4376,5395,6264,8453,610,2339,790,6
403,-38,1148,29414,133,,,,348008.5,1603,,,,0,4393,5401,6300,8478,615,2354,804,6
404,-37,1148,29977,563,,,,355732.5,7724,,,,0,4845,5419,6337,8498,621,2372,808,6
405,-36,1148,30044,67,,,,356512,779.5,,,,0,4849,5428,6350,8518,625,2387,808,7
406,-34,1148,30215,171,,,,358241.5,1729.5,,,,0,4847,5448,6393,8557,631,2417,821,15
407,-33,1148,30373,158,,,,359817,1575.5,,,,0,4848,5459,6421,8586,638,2450,835,17
408,-32,1148,30514,141,,,,361239.5,1422.5,,,,0,4849,5478,6444,8622,645,2478,839,19
409,-31,1148,30655,141,,,,362819.5,1580,,,,0,4844,5495,6481,8647,651,2510,848,20
410,-30,1148,31186,531,,,,368482,5662.5,,,,0,4905,5722,6626,8692,659,2536,855,20
411,-29,1148,31301,115,,,,369547.5,1065.5,,,,0,4916,5739,6642,8715,666,2556,864,21
412,-27,1148,31489,188,,,,371555.5,2008,,,,0,4917,5766,6686,8756,677,2592,874,24
413,-26,1148,31653,164,,,,373152.5,1597,,,,0,4913,5792,6716,8784,685,2639,890,26
414,-25,1148,32235,582,,,,380606,7453.5,,,,0,5325,5810,6745,8812,702,2676,905,29
415,-24,1148,32385,150,,,,382337,1731,,,,0,5336,5822,6766,8850,705,2695,923,30
416,-23,1148,33021,636,,,,389135.5,6798.5,,,,0,5446,6066,6940,8902,712,2726,936,30
417,-22,1148,33205,184,,,,390932,1796.5,,,,0,5456,6096,6969,8932,717,2754,942,30
418,-20,1148,33460,255,,,,393675.5,2743.5,,,,0,5451,6134,7022,8985,733,2809,961,31
419,-19,1148,33711,251,,,,396162,2486.5,,,,0,5466,6161,7077,9032,743,2839,994,33
420,-18,1148,33932,221,,,,398234,2072,,,,0,5469,6181,7108,9088,756,2892,1018,34
421,-17,1148,34130,198,,,,400304.5,2070.5,,,,0,5468,6203,7152,9132,762,2930,1043,34
422,-16,1148,34259,129,,,,401593.5,1289,,,,0,5468,6211,7179,9161,771,2965,1057,35
423,-15,1148,34399,140,,,,402752,1158.5,,,,0,5479,6230,7199,9189,778,2993,1072,35
424,-13,1148,34640,241,,,,405053.5,2301.5,,,,0,5422,6160,7070,9556,801,3047,1099,35
425,-12,1148,34904,264,,,,408009,2955.5,,,,0,5435,6198,7123,9600,814,3087,1137,38
426,-11,1148,34985,81,,,,409130,1121,,,,0,5426,6169,7119,9631,820,3136,1169,38
427,-10,1148,34364,-621,,,,404769,-4361,,,,0,5352,6067,7011,9430,783,3075,1170,38
428,-9,1148,35308,944,,,,414193.5,9424.5,,,,0,5437,6310,7233,9581,823,3155,1213,40
429,-8,1148,35495,187,,,,415808.5,1615,,,,0,5446,6331,7264,9629,835,3188,1238,40
430,-6,1148,35919,424,,,,419790,3981.5,,,,0,5447,6364,7350,9707,862,3281,1332,42
431,-5,1148,36372,453,,,,423862.5,4072.5,,,,0,5433,6382,7402,9781,890,3384,1423,42
432,-4,1148,37035,663,,,,430825.5,6963,,,,0,5665,6400,7481,9869,921,3476,1518,42
433,-3,1148,35761,-1274,,,,419241.5,-11584,,,,0,5447,6107,7216,9518,877,3410,1564,40
434,-2,1148,37092,1331,,,,432907.5,13666,,,,0,5642,6335,7486,9779,919,3525,1660,40
435,-1,1148,37381,289,,,,435157,2249.5,,,,0,5666,6386,7533,9865,931,3557,1674,41
436,1,1148,37832,451,,,,439458.5,4301.5,,,,0,5701,6429,7617,9967,968,3613,1716,42
437,-125,1158,16164,0,,,,190383,0,,,,0,2388,3544,4698,3926,252,1056,300,1
438,-124,1158,16326,162,,,,192461,2078,,,,0,2405,3571,4743,3959,263,1075,310,1
439,-123,1158,16504,178,,,,194498,2037,,,,0,2427,3609,4797,3987,270,1094,320,1
440,-122,1158,16677,173,,,,196476,1978,,,,0,2446,3639,4842,4027,273,1127,323,1
441,-121,1158,16803,126,,,,197809,1333,,,,0,2457,3663,4873,4055,277,1151,327,1
442,-120,1158,16894,91,,,,198837,1028,,,,0,2471,3683,4897,4069,282,1160,331,1
443,-118,1158,17063,169,,,,200878.5,2041.5,,,,0,2489,3720,4945,4097,288,1183,338,3
444,-117,1158,17246,183,,,,202823.5,1945,,,,0,2509,3751,4997,4137,295,1210,344,3
445,-116,1158,17388,142,,,,204510.5,1687,,,,0,2524,3781,5028,4177,299,1236,339,4
446,-115,1158,17529,141,,,,206062.5,1552,,,,0,2543,3806,5065,4214,302,1247,348,4
447,-114,1158,17635,106,,,,207262.5,1200,,,,0,2562,3825,5096,4231,306,1262,349,4
448,-113,1158,17736,101,,,,208299.5,1037,,,,0,2574,3847,5120,4249,309,1281,352,4
449,-111,1158,17884,148,,,,210014.5,1715,,,,0,2591,3878,5154,4272,318,1299,366,6
450,-110,1158,18005,121,,,,211447,1432.5,,,,0,2601,3904,5184,4299,321,1320,370,6
451,-109,1158,18160,155,,,,213208,1761,,,,0,2624,3941,5220,4330,326,1331,382,6
452,-108,1158,18319,159,,,,215036,1828,,,,0,2649,3979,5265,4353,328,1352,387,6
453,-107,1158,18824,505,,,,220584.5,5548.5,,,,0,3055,4001,5295,4372,336,1364,395,6
454,-106,1158,18944,120,,,,222049.5,1465,,,,0,3087,4016,5323,4397,338,1376,400,7
455,-104,1158,19098,154,,,,223892,1842.5,,,,1,2917,4157,5417,4448,339,1398,416,7
456,-103,1158,19251,153,,,,225733.5,1841.5,,,,0,2747,4297,5511,4499,340,1419,431,7
457,-102,1158,19372,121,,,,227213.5,1480,,,,0,2758,4320,5541,4528,344,1435,439,7
458,-101,1158,19498,126,,,,228846.5,1633,,,,0,2770,4339,5567,4555,346,1466,448,7
459,-100,1158,19611,113,,,,230074,1227.5,,,,0,2782,4351,5595,4587,348,1483,458,7
460,-99,1158,19701,90,,,,231197,1123,,,,0,2791,4364,5612,4607,351,1501,468,7
461,-97,1158,19849,148,,,,232962.5,1765.5,,,,0,1136,4088,5290,6962,355,1533,478,7
462,-96,1158,20008,159,,,,235164,2201.5,,,,0,1167,4124,5336,6982,363,1547,482,7
463,,1158,20125,117,,,,236650,1486,,,,1,1169,4142,5377,7017,369,1560,485,7
464,-94,1158,20241,116,,,,238136.5,1486.5,,,,0,1171,4160,5417,7051,375,1572,488,7
465,-93,1158,20328,87,,,,239136.5,1000,,,,0,1173,4171,5443,7071,382,1584,497,7
466,-92,1158,20397,69,,,,239921.5,785,,,,0,1176,4178,5460,7100,384,1593,499,7
467,-90,1158,20455,58,,,,240508.5,587,,,,0,1180,4188,5475,7114,387,1604,500,7
468,-89,1158,20548,93,,,,241558.5,1050,,,,0,1184,4199,5496,7145,388,1621,508,7
469,-88,1158,20642,94,,,,242550,991.5,,,,0,1189,4203,5525,7170,402,1634,512,7
470,-87,1158,20740,98,,,,243535.5,985.5,,,,0,1197,4216,5549,7198,412,1646,515,7
471,-86,1158,20790,50,,,,244179.5,644,,,,0,1199,4221,5559,7214,415,1656,519,7
472,-85,1158,20853,63,,,,244919,739.5,,,,0,1202,4233,5575,7232,417,1666,521,7
473,-83,1158,20918,65,,,,245793,874,,,,0,1199,4247,5585,7256,422,1674,528,7
474,-82,1158,20984,66,,,,246612,819,,,,0,1200,4255,5599,7274,428,1685,536,7
475,-81,1158,21087,103,,,,247814,1202,,,,0,1201,4269,5629,7306,431,1702,542,7
476,-80,1158,21161,74,,,,248616,802,,,,0,1202,4273,5649,7331,435,1713,551,7
477,-79,1158,21643,482,,,,254227,5611,,,,0,1269,4498,5779,7369,441,1725,555,7
478,,1158,21745,102,,,,255479,1252,,,,1,1270,4507,5792,7428,446,1738,559,7
479,-76,1158,21847,102,,,,256730,1251,,,,0,1271,4516,5804,7486,450,1751,562,7
480,-75,1158,21944,97,,,,257834,1104,,,,0,1281,4526,5830,7512,453,1764,571,7
481,-74,1158,22033,89,,,,258737,903,,,,0,1275,4535,5858,7538,455,1785,580,7
482,,1158,22106,73,,,,259504,767,,,,1,1277,4537,5860,7540,457,1787,582,7
483,,1158,22174,68,,,,260271,767,,,,1,1279,4539,5862,7542,459,1789,584,7
484,,1158,22242,68,,,,261038,767,,,,1,1281,4541,5864,7544,461,1791,586,7
485,,1158,22310,68,,,,261805,767,,,,1,1283,4543,5866,7546,463,1793,588,7
486,-68,1158,22379,69,,,,262569.5,764.5,,,,0,1286,4552,5974,7643,476,1845,596,7
487,-67,1158,22989,610,,,,270847,8277.5,,,,0,1814,4565,6001,7657,478,1867,600,7
488,-66,1158,23053,64,,,,271828,981,,,,0,1818,4569,6028,7670,478,1880,603,7
489,-65,1158,23114,61,,,,272423.5,595.5,,,,0,1821,4574,6047,7684,477,1896,608,7
490,-64,1158,23172,58,,,,273044,620.5,,,,0,1828,4583,6062,7695,479,1907,611,7
491,-62,1158,23254,82,,,,273826,782,,,,0,1840,4594,6076,7712,481,1926,618,7
492,-61,1158,23852,598,,,,282057.5,8231.5,,,,0,2360,4609,6096,7732,485,1939,624,7
493,-60,1158,23932,80,,,,282935.5,878,,,,0,2362,4610,6124,7753,488,1952,636,7
494,-59,1158,23987,55,,,,283514,578.5,,,,0,2362,4610,6149,7765,488,1966,640,7
495,-58,1158,24568,581,,,,291527,8013,,,,0,2868,4619,6167,7783,490,1981,653,7
496,-57,1158,24638,70,,,,292271,744,,,,0,2876,4625,6187,7798,491,1993,661,7
497,-55,1158,24721,83,,,,293104,833,,,,0,2880,4633,6207,7813,495,2014,672,7
498,-54,1158,24836,115,,,,294385.5,1281.5,,,,0,2912,4638,6229,7836,497,2040,677,7
499,-53,1158,24951,115,,,,295849,1463.5,,,,0,2948,4642,6248,7860,501,2060,685,7
500,-52,1158,25059,108,,,,297159,1310,,,,0,2988,4648,6262,7881,503,2078,692,7
501,-51,1158,25099,40,,,,297487.5,328.5,,,,0,2992,4651,6268,7897,507,2083,694,7
502,-50,1158,25158,59,,,,298091.5,604,,,,0,2995,4657,6278,7917,511,2095,698,7
503,-48,1158,25252,94,,,,299139.5,1048,,,,0,2997,4667,6304,7933,519,2119,706,7
504,-47,1158,25399,147,,,,300930,1790.5,,,,0,3041,4676,6324,7956,534,2149,712,7
505,-46,1158,26046,647,,,,309694,8764,,,,0,3555,4704,6365,7977,545,2178,715,7
506,-45,1158,26688,642,,,,316976,7282,,,,0,3660,4967,6553,8023,550,2206,722,7
507,-44,1158,26816,128,,,,318509,1533,,,,0,3667,4982,6596,8057,554,2224,729,7
508,-43,1158,26904,88,,,,319594,1085,,,,0,3677,4993,6612,8078,559,2246,731,8
509,-41,1158,27047,143,,,,320986,1392,,,,0,3609,4925,6478,8458,561,2272,736,8
510,-40,1158,27679,632,,,,329273,8287,,,,0,4094,4958,6510,8492,570,2307,740,8
511,-39,1158,27817,138,,,,330884.5,1611.5,,,,0,4103,4970,6544,8517,574,2350,750,9
512,-38,1158,27924,107,,,,332208,1323.5,,,,0,4094,4999,6560,8531,577,2395,759,9
513,-37,1158,28626,702,,,,341787.5,9579.5,,,,0,4652,5055,6583,8557,580,2419,771,9
514,-36,1158,28705,79,,,,342442.5,655,,,,0,4654,5069,6599,8575,581,2440,778,9
515,-34,1158,28849,144,,,,343981.5,1539,,,,0,4661,5085,6629,8612,592,2470,791,9
516,-33,1158,29046,197,,,,346020.5,2039,,,,0,4642,5135,6665,8665,598,2523,809,9
517,-32,1158,29199,153,,,,347655.5,1635,,,,0,4631,5171,6700,8698,606,2565,819,9
518,-31,1158,29328,129,,,,348848,1192.5,,,,0,4634,5180,6734,8735,612,2589,834,10
519,-30,1158,29907,579,,,,355203.5,6355.5,,,,0,4687,5434,6904,8789,617,2615,849,12
520,-29,1158,30051,144,,,,356486.5,1283,,,,0,4699,5465,6936,8814,627,2639,857,14
521,-27,1158,30228,177,,,,358327,1840.5,,,,0,4696,5493,6986,8845,636,2677,874,21
522,-26,1158,30383,155,,,,359806.5,1479.5,,,,0,4701,5503,7023,8876,649,2713,892,26
523,-25,1158,31122,739,,,,369304,9497.5,,,,0,5274,5524,7080,8905,659,2740,907,33
524,-24,1158,31284,162,,,,370844,1540,,,,0,5289,5549,7106,8940,672,2773,921,34
525,-23,1158,31873,589,,,,377152,6308,,,,0,5350,5810,7265,8995,681,2800,938,34
526,-22,1158,32034,161,,,,378737,1585,,,,0,5361,5849,7303,9020,691,2829,945,36
527,-20,1158,32242,208,,,,380968.5,2231.5,,,,0,5364,5874,7350,9076,702,2879,961,36
528,-19,1158,32410,168,,,,382727,1758.5,,,,0,5371,5896,7382,9113,707,2923,982,36
529,-18,1158,32569,159,,,,384264,1537,,,,0,5358,5913,7421,9145,723,2968,1003,38
530,-17,1158,32732,163,,,,385964,1700,,,,0,5361,5934,7449,9177,738,3002,1031,40
531,-16,1158,33320,588,,,,392260.5,6296.5,,,,0,5423,6186,7597,9226,748,3048,1052,40
532,-15,1158,33470,150,,,,393778.5,1518,,,,0,5431,6206,7639,9252,754,3082,1066,40
533,-13,1158,33680,210,,,,395974,2195.5,,,,0,5443,6229,7679,9285,763,3131,1110,40
534,-12,1158,33876,196,,,,398073.5,2099.5,,,,0,5442,6251,7722,9335,765,3170,1150,41
535,-11,1158,34126,250,,,,401033.5,2960,,,,0,5436,6277,7782,9408,772,3221,1187,43
536,-10,1158,34546,420,,,,405791.5,4758,,,,0,5470,6458,7914,9411,782,3258,1210,43
537,-9,1158,34878,332,,,,409313.5,3522,,,,0,5489,6512,7978,9489,812,3308,1247,43
538,-8,1158,35020,142,,,,410540.5,1227,,,,0,5496,6534,8015,9519,816,3332,1265,43
539,-6,1158,35185,165,,,,412466.5,1926,,,,0,5435,6388,7814,9871,842,3456,1336,43
540,-5,1158,35552,367,,,,415791,3324.5,,,,0,5424,6409,7867,9928,878,3595,1407,44
541,-4,1158,36345,793,,,,425000.5,9209.5,,,,0,5774,6451,7928,9983,903,3742,1520,44
542,-3,1158,35153,-1192,,,,415504.5,-9496,,,,0,5553,6200,7609,9621,841,3702,1583,44
543,-2,1158,36253,1100,,,,426754.5,11250,,,,0,5745,6382,7877,9854,893,3794,1664,44
544,-1,1158,36544,291,,,,429122.5,2368,,,,0,5782,6434,7938,9929,902,3830,1685,44
545,1,1158,36954,410,,,,433301,4178.5,,,,0,5842,6495,8009,10033,919,3874,1738,44
546,-125,1168,18127,0,,,,211947.5,0,,,,0,2599,3776,5317,4385,263,1418,368,1
547,-124,1168,18299,172,,,,213963.5,2016,,,,0,2627,3817,5362,4414,267,1431,380,1
548,-123,1168,18478,179,,,,215970,2006.5,,,,0,2647,3856,5395,4455,274,1464,386,1
549,-122,1168,18627,149,,,,217693,1723,,,,0,2672,3886,5435,4476,272,1491,394,1
550,-121,1168,18743,116,,,,218949,1256,,,,0,2686,3915,5463,4490,277,1515,396,1
551,-120,1168,18836,93,,,,220026,1077,,,,0,2697,3930,5482,4514,282,1529,401,1
552,-118,1168,18963,127,,,,221593,1567,,,,0,2711,3961,5507,4540,285,1546,412,1
553,-117,1168,19109,146,,,,223245,1652,,,,0,2724,3981,5553,4582,288,1559,421,1
554,-116,1168,19233,124,,,,224720.5,1475.5,,,,0,2735,3997,5583,4615,294,1579,428,2
555,-115,1168,19341,108,,,,226010.5,1290,,,,0,2749,4020,5614,4639,294,1593,430,2
556,-114,1168,19874,533,,,,231801.5,5791,,,,0,2819,4269,5752,4692,299,1608,433,2
557,-113,1168,19987,113,,,,233203.5,1402,,,,0,2832,4298,5783,4711,303,1621,437,2
558,-111,1168,20144,157,,,,234929,1725.5,,,,0,2852,4327,5816,4756,306,1640,445,2
559,-110,1168,20307,163,,,,236936.5,2007.5,,,,0,2870,4367,5851,4791,312,1664,450,2
560,-109,1168,20440,133,,,,238392.5,1456,,,,0,2880,4395,5886,4819,315,1685,458,2
561,-108,1168,20590,150,,,,240245,1852.5,,,,0,2893,4422,5927,4850,320,1706,470,2
562,-107,1168,20702,112,,,,241528,1283,,,,0,2906,4442,5954,4876,325,1718,479,2
563,-106,1168,20817,115,,,,242567,1039,,,,0,2921,4467,5980,4897,330,1731,489,2
564,-104,1168,20989,172,,,,244792.5,2225.5,,,,0,1152,4318,5462,7455,341,1754,505,2
565,-103,1168,21189,200,,,,247494,2701.5,,,,0,1178,4353,5532,7480,351,1773,520,2
566,-102,1168,21349,160,,,,249463,1969,,,,0,1192,4372,5580,7519,359,1789,536,2
567,-101,1168,21491,142,,,,251262,1799,,,,0,1202,4391,5616,7561,361,1806,552,2
568,-100,1168,21572,81,,,,252263,1001,,,,0,1206,4405,5646,7575,363,1818,557,2
569,-99,1168,21646,74,,,,253251,988,,,,0,1211,4416,5667,7589,365,1837,559,2
570,-97,1168,21728,82,,,,254331,1080,,,,0,1216,4424,5693,7598,364,1857,574,2
571,-96,1168,21826,98,,,,255524,1193,,,,0,1224,4434,5711,7625,383,1861,586,2
572,-95,1168,21897,71,,,,256265.5,741.5,,,,0,1223,4434,5730,7649,387,1886,586,2
573,-94,1168,21965,68,,,,256896.5,631,,,,0,1224,4441,5747,7668,390,1898,595,2
574,-93,1168,22009,44,,,,257454.5,558,,,,0,1223,4441,5759,7683,398,1904,599,2
575,-92,1168,22052,43,,,,258048.5,594,,,,0,1225,4446,5765,7697,399,1918,600,2
576,-90,1168,22094,42,,,,258424.5,376,,,,0,1228,4451,5775,7708,402,1924,604,2
577,-89,1168,22172,78,,,,259337,912.5,,,,0,1232,4457,5799,7729,406,1935,612,2
578,-88,1168,22264,92,,,,260233,896,,,,0,1236,4452,5825,7760,415,1951,623,2
579,-87,1168,22350,86,,,,261159,926,,,,0,1241,4459,5853,7769,431,1966,629,2
580,-86,1168,22814,464,,,,266265.5,5106.5,,,,0,1295,4681,5982,7804,437,1979,633,3
581,-85,1168,22900,86,,,,267240.5,975,,,,0,1300,4706,6000,7826,438,1987,640,3
582,-83,1168,22996,96,,,,268502,1261.5,,,,0,1301,4697,5996,7911,445,1996,647,3
583,-82,1168,23071,75,,,,269516,1014,,,,0,1305,4707,6014,7935,450,2004,653,3
584,-81,1168,23149,78,,,,270471,955,,,,0,1314,4715,6026,7961,454,2016,660,3
585,-80,1168,23220,71,,,,271304.5,833.5,,,,0,1307,4714,6060,7980,457,2031,668,3
586,-79,1168,23277,57,,,,271716.5,412,,,,0,1306,4715,6085,7994,455,2050,669,3
587,-78,1168,23328,51,,,,272310.5,594,,,,0,1310,4722,6100,8004,456,2062,671,3
588,-76,1168,23397,69,,,,273247.5,937,,,,0,1309,4729,6111,8024,459,2085,677,3
589,-75,1168,24028,631,,,,281633.5,8386,,,,0,1844,4752,6142,8039,467,2100,681,3
590,-74,1168,24090,62,,,,282384.5,751,,,,0,1851,4753,6165,8053,470,2111,684,3
591,-73,1168,24143,53,,,,282943.5,559,,,,0,1848,4752,6186,8070,475,2124,685,3
592,-72,1168,24778,635,,,,291627,8683.5,,,,0,2408,4770,6209,8086,477,2136,689,3
593,-71,1168,24827,49,,,,292225,598,,,,0,2410,4783,6216,8095,478,2148,694,3
594,-69,1168,24884,57,,,,292807,582,,,,0,2410,4784,6228,8113,481,2168,697,3
595,-68,1168,25489,605,,,,300790.5,7983.5,,,,0,2914,4813,6241,8133,484,2194,707,3
596,-67,1168,25574,85,,,,301858,1067.5,,,,0,2932,4817,6255,8154,487,2216,710,3
597,-66,1168,25653,79,,,,302747,889,,,,0,2935,4825,6271,8176,496,2234,713,3
598,-65,1168,26271,618,,,,311216,8469,,,,0,3487,4845,6281,8189,497,2247,722,3
599,-64,1168,26324,53,,,,311848,632,,,,0,3493,4852,6292,8201,499,2260,724,3
600,-62,1168,26427,103,,,,313096,1248,,,,0,3509,4857,6316,8230,503,2280,729,3
601,-61,1168,26571,144,,,,315123,2027,,,,0,3577,4865,6339,8245,509,2299,734,3
602,-60,1168,26657,86,,,,316123.5,1000.5,,,,0,3588,4865,6361,8262,515,2319,744,3
603,-59,1168,27258,601,,,,324424,8300.5,,,,0,4102,4881,6387,8278,521,2335,751,3
604,-58,1168,27325,67,,,,325174,750,,,,0,4105,4888,6395,8309,526,2347,752,3
605,-57,1168,27374,49,,,,325685.5,511.5,,,,0,4112,4897,6406,8321,527,2353,755,3
606,-55,1168,27395,21,,,,325966.5,281,,,,0,4113,4903,6410,8326,529,2356,755,3
607,-54,1168,27490,95,,,,327100,1133.5,,,,0,4115,4916,6433,8345,534,2383,761,3
608,-53,1168,27582,92,,,,327990.5,890.5,,,,0,4114,4929,6451,8369,539,2406,771,3
609,-52,1168,28097,515,,,,333780.5,5790,,,,0,4172,5149,6619,8412,546,2423,773,3
610,-51,1168,28211,114,,,,335036.5,1256,,,,0,4176,5166,6662,8435,549,2437,783,3
611,-50,1168,28318,107,,,,336110.5,1074,,,,0,4182,5179,6694,8463,554,2459,784,3
612,-48,1168,28447,129,,,,337361.5,1251,,,,0,4132,5078,6544,8842,565,2489,794,3
613,-47,1168,28591,144,,,,338885.5,1524,,,,0,4131,5103,6577,8880,577,2523,797,3
614,-46,1168,28698,107,,,,340103.5,1218,,,,0,4119,5122,6602,8912,587,2548,805,3
615,-45,1168,29351,653,,,,348440.5,8337,,,,0,4638,5155,6638,8940,595,2573,809,3
616,-44,1168,29439,88,,,,349314,873.5,,,,0,4634,5158,6671,8959,602,2601,811,3
617,-43,1168,29507,68,,,,350161,847,,,,0,4637,5171,6682,8975,607,2617,815,3
618,-41,1168,29626,119,,,,351607,1446,,,,0,4622,5209,6708,8998,617,2650,819,3
619,-40,1168,29763,137,,,,353190,1583,,,,0,4607,5271,6729,9023,622,2680,828,3
620,-39,1168,29908,145,,,,354734.5,1544.5,,,,0,4589,5317,6772,9045,625,2711,846,3
621,-38,1168,30016,108,,,,355929,1194.5,,,,0,4593,5323,6797,9082,629,2736,853,3
622,-37,1168,30644,628,,,,362638,6709,,,,0,4667,5635,6951,9126,637,2764,861,3
623,-36,1168,30762,118,,,,363982,1344,,,,0,4672,5660,6976,9147,644,2791,869,3
624,-34,1168,30933,171,,,,365809,1827,,,,0,4687,5676,7019,9175,657,2831,885,3
625,-33,1168,31074,141,,,,367291.5,1482.5,,,,0,4699,5683,7048,9206,666,2867,902,3
626,-32,1168,31791,717,,,,376066,8774.5,,,,0,5259,5741,7080,9222,674,2892,919,4
627,-31,1168,31945,154,,,,377766.5,1700.5,,,,0,5271,5759,7120,9254,679,2927,930,5
628,-30,1168,32542,597,,,,384219,6452.5,,,,0,5338,6034,7264,9315,689,2953,944,5
629,-29,1168,32675,133,,,,385781.5,1562.5,,,,0,5352,6071,7289,9333,693,2980,952,5
630,-27,1168,32840,165,,,,387528.5,1747,,,,0,5362,6081,7321,9362,703,3026,979,6
631,-26,1168,32993,153,,,,389125,1596.5,,,,0,5370,6100,7347,9392,714,3065,999,6
632,-25,1168,33155,162,,,,390906,1781,,,,0,5376,6108,7386,9437,726,3101,1015,6
633,-24,1168,33306,151,,,,392720.5,1814.5,,,,0,5361,6124,7423,9480,731,3133,1033,21
634,-23,1168,33898,592,,,,399033.5,6313,,,,0,5438,6356,7599,9526,742,3164,1049,24
635,-22,1168,34027,129,,,,400301.5,1268,,,,0,5446,6379,7622,9558,746,3190,1057,29
636,-20,1168,34239,212,,,,402598,2296.5,,,,0,5448,6405,7670,9602,772,3232,1077,33
637,-19,1168,34405,166,,,,404304,1706,,,,0,5447,6421,7707,9634,788,3265,1107,36
638,-18,1168,34561,156,,,,406024,1720,,,,0,5437,6433,7750,9665,804,3299,1138,35
639,-17,1168,34716,155,,,,407727.5,1703.5,,,,0,5442,6437,7784,9701,821,3338,1157,36
640,-16,1168,34832,116,,,,409043,1315.5,,,,0,5442,6454,7799,9732,830,3365,1174,36
641,-15,1168,34950,118,,,,410008,965,,,,0,5443,6471,7837,9760,835,3381,1186,37
642,-13,1168,35119,169,,,,411794,1786,,,,0,5377,6398,7672,10147,846,3424,1218,37
643,-12,1168,35710,591,,,,417590.5,5796.5,,,,0,5447,6603,7815,10202,872,3460,1272,39
644,-11,1168,35780,70,,,,418860,1269.5,,,,0,5455,6573,7807,10202,880,3509,1313,41
645,-10,1168,35651,-129,,,,418499.5,-360.5,,,,0,5418,6538,7812,10136,853,3513,1340,41
646,-9,1168,36392,741,,,,426975.5,8476,,,,0,5873,6578,7886,10201,882,3557,1374,41
647,-8,1168,36518,126,,,,428034.5,1059,,,,0,5889,6588,7909,10230,886,3581,1394,41
648,-6,1168,36912,394,,,,431734.5,3700,,,,0,5909,6608,7959,10282,900,3749,1462,43
649,-5,1168,37222,310,,,,434744.5,3010,,,,0,5910,6625,8013,10338,926,3821,1546,43
650,-4,1168,37549,327,,,,438404.5,3660,,,,0,5931,6653,8058,10386,938,3884,1656,43
651,-3,1168,36717,-832,,,,432034,-6370.5,,,,0,5756,6454,7838,10138,891,3892,1705,43
652,-2,1168,37418,701,,,,439475.5,7441.5,,,,0,5904,6586,7995,10296,915,3930,1749,43
653,-1,1168,37600,182,,,,441175.5,1700,,,,0,5924,6623,8051,10336,927,3939,1757,43
654,1,1168,37874,274,,,,443967,2791.5,,,,0,5926,6681,8114,10417,937,3964,1792,43
655,-125,1178,17805,0,,,,206983,0,,,,0,2435,3912,5233,4291,247,1293,394,1
656,-124,1178,17979,174,,,,209266,2283,,,,0,2458,3945,5280,4320,254,1318,404,1
657,-123,1178,18142,163,,,,211172,1906,,,,0,2485,3977,5317,4356,262,1337,408,1
658,-122,1178,18301,159,,,,212988,1816,,,,0,2504,4011,5349,4392,263,1366,416,1
659,-121,1178,18424,123,,,,214302,1314,,,,0,2520,4035,5380,4417,266,1384,422,1
660,-120,1178,18530,106,,,,215464,1162,,,,0,2533,4054,5406,4444,267,1401,425,1
661,-118,1178,18722,192,,,,217590,2126,,,,0,2555,4093,5449,4476,274,1444,431,1
662,-117,1178,18919,197,,,,220168.5,2578.5,,,,0,2577,4134,5500,4525,278,1473,432,1
663,-116,1178,19092,173,,,,222382.5,2214,,,,0,2596,4178,5544,4563,279,1496,436,1
664,-115,1178,19243,151,,,,224225.5,1843,,,,0,2618,4203,5583,4593,281,1522,443,1
665,-114,1178,19751,508,,,,230004.5,5779,,,,0,2695,4448,5693,4634,288,1547,446,1
666,-113,1178,19886,135,,,,231531.5,1527,,,,0,2710,4482,5729,4659,295,1561,450,1
667,-111,1178,20052,166,,,,233606.5,2075,,,,0,2728,4525,5770,4694,300,1577,458,1
668,-110,1178,20205,153,,,,235328.5,1722,,,,0,2745,4554,5801,4728,302,1605,470,1
669,-109,1178,20368,163,,,,237203.5,1875,,,,0,2759,4585,5835,4765,306,1635,483,1
670,-108,1178,20576,208,,,,239439.5,2236,,,,0,2776,4605,5889,4806,313,1682,505,1
671,-107,1178,20691,115,,,,240754.5,1315,,,,0,2781,4629,5919,4831,316,1705,510,1
672,-106,1178,20792,101,,,,241864.5,1110,,,,0,2789,4650,5948,4849,316,1721,519,1
673,-104,1178,20918,126,,,,243414.5,1550,,,,0,1137,4295,5593,7301,319,1745,528,1
674,-103,1178,21100,182,,,,245798,2383.5,,,,0,1160,4340,5643,7318,328,1772,538,1
675,-102,1178,21251,151,,,,247754,1956,,,,0,1168,4365,5682,7360,333,1796,546,1
676,-101,1178,21385,134,,,,249477,1723,,,,0,1176,4375,5730,7397,334,1816,556,1
677,-100,1178,21483,98,,,,250711,1234,,,,0,1180,4388,5757,7423,342,1828,564,1
678,-99,1178,21559,76,,,,251493,782,,,,0,1182,4397,5780,7447,344,1842,566,1
679,-97,1178,21652,93,,,,252536,1043,,,,0,1184,4410,5803,7469,349,1860,576,1
680,-96,1178,21742,90,,,,253731,1195,,,,0,1181,4428,5831,7504,347,1864,586,1
681,-95,1178,21833,91,,,,254704.5,973.5,,,,0,1189,4438,5855,7524,352,1876,598,1
682,-94,1178,21908,75,,,,255524.5,820,,,,0,1191,4450,5874,7542,359,1892,599,1
683,-93,1178,21959,51,,,,256248.5,724,,,,0,1193,4453,5890,7554,364,1901,603,1
684,-92,1178,22017,58,,,,256948.5,700,,,,0,1199,4459,5906,7567,366,1911,608,1
685,-90,1178,22054,37,,,,257390.5,442,,,,0,1203,4466,5910,7578,366,1919,610,2
686,-89,1178,22143,89,,,,258413.5,1023,,,,0,1205,4475,5938,7608,371,1930,614,2
687,-88,1178,22218,75,,,,259349.5,936,,,,0,1207,4471,5969,7632,375,1944,618,2
688,-87,1178,22313,95,,,,260310.5,961,,,,0,1208,4482,5997,7654,376,1968,626,2
689,-86,1178,22762,449,,,,265122,4811.5,,,,0,1266,4709,6093,7689,385,1986,632,2
690,-85,1178,22864,102,,,,266247,1125,,,,0,1272,4743,6115,7707,387,2000,638,2
691,-83,1178,22994,130,,,,267848,1601,,,,0,1285,4756,6114,7786,388,2014,649,2
692,-82,1178,23111,117,,,,269082,1234,,,,0,1290,4778,6143,7808,398,2036,656,2
693,-81,1178,23193,82,,,,270193,1111,,,,0,1301,4773,6167,7828,401,2054,667,2
694,-80,1178,23260,67,,,,270895,702,,,,0,1300,4779,6187,7845,404,2066,677,2
695,-79,1178,23308,48,,,,271616,721,,,,0,1304,4778,6200,7862,407,2075,680,2
696,-78,1178,23352,44,,,,272111,495,,,,0,1307,4783,6209,7874,409,2082,686,2
697,-76,1178,23435,83,,,,273047.5,936.5,,,,0,1309,4793,6228,7893,417,2097,696,2
698,-75,1178,24097,662,,,,282030.5,8983,,,,0,1874,4827,6250,7912,417,2109,706,2
699,-74,1178,24169,72,,,,282902.5,872,,,,0,1883,4839,6258,7934,418,2118,717,2
700,-73,1178,24230,61,,,,283562.5,660,,,,0,1889,4851,6266,7948,420,2131,723,2
701,-72,1178,24853,623,,,,291849.5,8287,,,,0,2460,4853,6280,7959,422,2142,735,2
702,-71,1178,24905,52,,,,292493.5,644,,,,0,2466,4861,6290,7974,426,2149,737,2
703,-69,1178,24965,60,,,,293190.5,697,,,,0,2469,4873,6300,7992,430,2157,742,2
704,-68,1178,25627,662,,,,302254.5,9064,,,,0,3031,4900,6321,8012,432,2176,753,2
705,-67,1178,25686,59,,,,303093.5,839,,,,0,3024,4891,6358,8036,434,2183,758,2
706,-66,1178,25749,63,,,,303849.5,756,,,,0,3026,4886,6387,8053,437,2194,764,2
707,-65,1178,26364,615,,,,312234.5,8385,,,,0,3561,4907,6425,8061,439,2202,767,2
708,-64,1178,26423,59,,,,312866.5,632,,,,0,3565,4912,6444,8072,442,2215,771,2
709,-62,1178,26511,88,,,,313994.5,1128,,,,0,3562,4921,6461,8093,444,2238,779,13
710,-61,1178,26592,81,,,,314962.5,968,,,,0,3568,4924,6486,8109,450,2257,784,14
711,-60,1178,27261,669,,,,323972.5,9010,,,,0,4128,4961,6513,8123,454,2279,787,16
712,-59,1178,27342,81,,,,325092.5,1120,,,,0,4134,4973,6535,8136,459,2291,796,18
713,-58,1178,27401,59,,,,325594,501.5,,,,0,4138,4984,6549,8147,460,2304,799,20
714,-57,1178,27470,69,,,,326246.5,652.5,,,,0,4144,4993,6561,8159,465,2319,806,23
715,-55,1178,27531,61,,,,326872.5,626,,,,0,4142,5002,6578,8173,466,2333,811,26
716,-54,1178,27554,23,,,,327169.5,297,,,,0,4144,5003,6584,8176,467,2342,812,26
717,-53,1178,27656,102,,,,328371.5,1202,,,,0,4149,5021,6608,8191,473,2370,817,27
718,-52,1178,28137,481,,,,333447.5,5076,,,,0,4193,5241,6739,8246,481,2385,825,27
719,-51,1178,28248,111,,,,334920,1472.5,,,,0,4192,5258,6784,8274,483,2400,829,28
720,-50,1178,28333,85,,,,335808.5,888.5,,,,0,4199,5277,6803,8291,486,2417,832,28
721,-48,1178,28490,157,,,,337559,1750.5,,,,0,4154,5176,6711,8635,498,2442,844,30
722,-47,1178,28633,143,,,,339304,1745,,,,0,4139,5187,6752,8679,514,2472,857,33
723,-46,1178,28776,143,,,,340931,1627,,,,0,4169,5199,6780,8700,523,2505,866,34
724,-45,1178,29514,738,,,,350526,9595,,,,0,4780,5220,6827,8717,529,2535,872,34
725,-44,1178,29609,95,,,,351596,1070,,,,0,4797,5224,6841,8736,539,2558,880,34
726,-43,1178,29684,75,,,,352327,731,,,,0,4798,5236,6863,8753,541,2576,882,35
727,-41,1178,29783,99,,,,353429,1102,,,,0,4802,5246,6883,8776,544,2605,891,36
728,-40,1178,29935,152,,,,355242,1813,,,,0,4833,5265,6897,8811,558,2629,904,38
729,-39,1178,30062,127,,,,356906,1664,,,,0,4840,5299,6930,8833,565,2646,911,38
730,-38,1178,30183,121,,,,358444,1538,,,,0,4873,5312,6961,8850,566,2664,919,38
731,-37,1178,30746,563,,,,364582,6138,,,,0,4971,5549,7110,8888,561,2703,926,38
732,-36,1178,30853,107,,,,365700,1118,,,,0,4980,5570,7136,8907,566,2727,929,38
733,-34,1178,31027,174,,,,367760.5,2060.5,,,,0,5022,5607,7156,8918,582,2759,945,38
734,-33,1178,31172,145,,,,369390.5,1630,,,,0,4997,5653,7193,8949,591,2793,956,40
735,-32,1178,31902,730,,,,378209.5,8819,,,,0,5542,5708,7237,8979,601,2825,970,40
736,-31,1178,32016,114,,,,379427.5,1218,,,,0,5517,5752,7261,9009,611,2846,980,40
737,-30,1178,32578,562,,,,385322.5,5895,,,,0,5552,6032,7425,9048,621,2876,984,40
738,-29,1178,32734,156,,,,386841.5,1519,,,,0,5562,6072,7461,9069,630,2904,996,40
739,-27,1178,32909,175,,,,388775.5,1934,,,,0,5469,6127,7533,9131,641,2947,1021,40
740,-26,1178,33105,196,,,,390747.5,1972,,,,0,5471,6157,7574,9177,652,2992,1042,40
741,-25,1178,33230,125,,,,392221.5,1474,,,,0,5464,6161,7621,9211,656,3022,1055,40
742,-24,1178,33383,153,,,,393736.5,1515,,,,0,5464,6168,7673,9240,663,3060,1073,42
743,-23,1178,33853,470,,,,398661.5,4925,,,,0,5530,6352,7793,9290,678,3083,1085,42
744,-22,1178,33976,123,,,,400018.5,1357,,,,0,5540,6385,7817,9310,684,3107,1091,42
745,-20,1178,34162,186,,,,402001,1982.5,,,,0,5528,6423,7857,9353,705,3144,1110,42
746,-19,1178,34285,123,,,,403591,1590,,,,0,5509,6441,7895,9394,712,3165,1127,42
747,-18,1178,34445,160,,,,405327,1736,,,,0,5522,6454,7932,9428,722,3195,1150,42
748,-17,1178,34802,357,,,,408924,3597,,,,0,5567,6521,8047,9484,737,3237,1166,43
749,-16,1178,34979,177,,,,410614,1690,,,,0,5572,6534,8086,9509,765,3280,1190,43
750,-15,1178,35108,129,,,,411849,1235,,,,0,5577,6552,8112,9535,776,3307,1206,43
751,-13,1178,35284,176,,,,413628,1779,,,,0,5508,6475,7902,9986,790,3347,1233,43
752,-12,1178,35599,315,,,,416877,3249,,,,0,5545,6552,7997,10006,802,3385,1269,43
753,-11,1178,35626,27,,,,417357,480,,,,0,5534,6520,7995,10005,808,3422,1299,43
754,-10,1178,35847,221,,,,419241,1884,,,,0,5552,6538,8035,10055,828,3453,1343,43
755,-9,1178,36455,608,,,,426471,7230,,,,0,5900,6571,8105,10100,849,3501,1386,43
756,-8,1178,36610,155,,,,427967,1496,,,,0,5911,6589,8121,10143,860,3538,1405,43
757,-6,1178,36668,58,,,,429496.5,1529.5,,,,0,5892,6567,8117,10146,834,3584,1484,44
758,-5,1178,37081,413,,,,433655.5,4159,,,,0,5888,6593,8182,10238,861,3687,1588,44
759,-4,1178,37557,476,,,,438496,4840.5,,,,0,5942,6670,8291,10309,883,3762,1656,44
760,-3,1178,36537,-1020,,,,430359.5,-8136.5,,,,0,5760,6441,8038,9992,854,3715,1693,44
761,-2,1178,37421,884,,,,439359.5,9000,,,,0,5908,6585,8249,10205,884,3788,1758,44
762,-1,1178,37635,214,,,,441229.5,1870,,,,0,5934,6627,8300,10276,887,3803,1764,44
763,1,1178,37915,280,,,,444447.5,3218,,,,0,5961,6660,8377,10333,896,3841,1803,44
764,-125,1188,17562,0,17550.08227,,,203475.5,0,207619.9118,,,0,2257,3750,5362,4200,230,1366,395,2
765,-124,1188,17740,178,17717.65427,,,205678.5,2203,209670.3781,,,0,2278,3786,5419,4239,235,1381,400,2
766,-123,1188,17896,156,17881.38988,,,207807.5,2129,211540.8781,,,0,2296,3819,5468,4269,238,1399,405,2
767,-122,1188,18060,164,18027.83648,,,209559.5,1752,213188.8824,,,0,2326,3861,5507,4297,241,1418,408,2
768,-121,1188,18175,115,18152.60942,,,210963.5,1404,214590.1257,,,0,2346,3882,5539,4318,245,1429,414,2
769,-120,1188,18281,106,18265.92453,,,212197.5,1234,215863.1998,,,0,2362,3908,5566,4342,248,1436,417,2
770,-118,1188,18452,171,18424.57569,,,214052.5,1855,217683.9114,,,0,2384,3946,5614,4376,249,1461,420,2
771,-117,1188,18599,147,18596.25138,,,215871.5,1819,219638.5978,,,0,2404,3978,5654,4403,253,1477,428,2
772,-116,1188,18747,148,18760.0175,,,217566.5,1695,221582.3558,,,0,2438,4008,5684,4429,253,1499,434,2
773,-115,1188,18915,168,18893.95271,,,219470.5,1904,223133.0023,,,0,2467,4033,5727,4467,258,1516,445,2
774,-114,1188,19437,522,19246.31104,,,225104.5,5634,227031.9149,,,0,2573,4261,5850,4500,265,1533,453,2
775,-113,1188,19564,127,19369.93161,,,226501.5,1397,228397.4608,,,0,2589,4298,5877,4523,268,1546,461,2
776,-111,1188,19727,163,19520.63878,,,228371.5,1870,230147.1003,,,0,2576,4348,5924,4565,272,1569,471,2
777,-110,1188,19901,174,19666.28088,,,230295.5,1924,231832.899,,,0,2605,4375,5974,4593,278,1594,480,2
778,-109,1188,20069,168,19798.31319,,,232347.5,2052,233289.9127,,,0,2619,4411,6011,4624,283,1622,494,5
779,-108,1188,20226,157,19937.37637,,,234150.5,1803,234858.7843,,,0,2634,4438,6043,4660,291,1648,506,6
780,-107,1188,20354,128,20131.92519,,,235529.5,1379,237043.4614,,,0,2650,4456,6078,4685,290,1671,518,6
781,-106,1188,20458,104,20244.67854,,,236686.5,1157,238289.9583,,,0,2661,4471,6104,4710,293,1691,521,7
782,-104,1188,20625,167,20381.99724,,,238688.5,2002,239938.5202,,,0,1146,4063,5490,7369,296,1723,530,8
783,-103,1188,20813,188,20546.93655,,,241352.5,2664,242048.5344,,,0,1165,4109,5549,7392,300,1750,540,8
784,-102,1188,20979,166,20679.73263,,,243569.5,2217,243599.3998,,,0,1172,4138,5594,7441,306,1774,545,9
785,-101,1188,21079,100,20794.61372,,,244974.5,1405,244976.6912,,,0,1177,4143,5620,7472,310,1793,555,9
786,-100,1188,21163,84,20884.02803,,,245932.5,958,245943.557,,,0,1177,4160,5644,7500,314,1798,561,9
787,-99,1188,21350,187,20959.81887,,,248478.5,2546,246777.207,,,0,1286,4179,5668,7519,317,1808,563,10
788,-97,1188,21466,116,21059.38313,,,249676.5,1198,247917.0303,,,0,1291,4192,5701,7552,324,1820,576,10
789,-96,1188,21568,102,21163.28192,,,250942.5,1266,249138.2252,,,0,1294,4203,5731,7584,327,1835,583,11
790,-95,1188,21674,106,21243.58121,,,252072.5,1130,249988.3821,,,0,1303,4219,5757,7612,331,1849,592,11
791,-94,1188,21749,75,21311.80582,,,252990.5,918,250694.6071,,,0,1303,4224,5784,7633,337,1860,597,11
792,-93,1188,21830,81,21363.6011,,,253928.5,938,251244.7075,,,0,1299,4227,5826,7650,342,1873,602,11
793,-92,1188,21876,46,21421.61407,,,254499.5,571,251869.3515,,,0,1302,4232,5838,7661,344,1880,608,11
794,-90,1188,21910,34,21468.75838,,,254856.5,357,252272.1132,,,0,1303,4238,5846,7671,346,1886,609,11
795,-89,1188,22000,90,21556.30863,,,255879.5,1023,253176.3928,,,0,1302,4251,5862,7707,346,1899,622,11
796,-88,1188,22088,88,21719.7416,,,256938.5,1059,254930.0468,,,0,1302,4269,5883,7732,351,1914,626,11
797,-87,1188,22177,89,21803.82715,,,257913.5,975,255810.2364,,,0,1300,4282,5899,7765,353,1933,634,11
798,-86,1188,22625,448,22110.97361,,,262994.5,5081,259130.371,,,0,1365,4490,6014,7807,358,1937,643,11
799,-85,1188,22715,90,22195.09942,,,263992.5,998,259989.9731,,,0,1374,4504,6043,7825,361,1949,648,11
800,-83,1188,22848,133,22296.14466,,,265479.5,1487,261148.44,,,0,1391,4508,6050,7898,369,1964,657,11
801,-82,1188,22947,99,22383.95583,,,266604.5,1125,262106.5275,,,0,1393,4521,6083,7919,375,1979,666,11
802,-81,1188,23032,85,22460.87858,,,267432.5,828,262978.1181,,,0,1397,4517,6121,7944,377,1992,673,11
803,-80,1188,23117,85,22531.02387,,,268321.5,889,263698.2537,,,0,1406,4519,6156,7961,379,2000,685,11
804,-79,1188,23200,83,22672.52933,,,269362.5,1041,265242.4205,,,0,1421,4516,6185,7981,385,2012,689,11
805,-78,1188,23255,55,22738.81921,,,269883.5,521,265896.8124,,,0,1425,4521,6203,7993,388,2017,697,11
806,-76,1188,23340,85,22816.48516,,,270678.5,795,266736.1423,,,0,1439,4529,6222,8005,391,2035,707,12
807,-75,1188,23437,97,23131.82766,,,271695.5,1017,270845.4617,,,0,1460,4541,6250,8013,394,2055,712,12
808,-74,1188,23564,127,23204.84169,,,273027.5,1332,271590.465,,,0,1496,4554,6275,8031,397,2075,724,12
809,-73,1188,24137,573,23267.53728,,,281299.5,8272,272210.0872,,,0,1980,4585,6303,8042,403,2083,729,12
810,,1188,24462,325,23562.94923,,,285645,4345.5,276031.5027,,,1,2241,4603,6321,8056,407,2092,732,12
811,-71,1188,24787,325,23627.2765,,,289991,4346,276724.2388,,,0,2501,4621,6339,8069,411,2100,734,12
812,-69,1188,24860,73,23819.87284,,,290135,144,279195.2032,,,0,2522,4629,6354,8080,416,2108,739,12
813,-68,1188,24944,84,24121.3926,,,291160,1025,283141.1347,,,0,2531,4643,6371,8099,418,2122,748,12
814,-67,1188,25548,604,24421.00106,,,299539,8379,287143.0085,,,0,3023,4690,6399,8110,422,2140,752,12
815,-66,1188,25632,84,24495.19732,,,300663,1124,288023.987,,,0,3033,4702,6419,8133,425,2151,757,12
816,-65,1188,25712,80,24780.3928,,,301901,1238,291817.4039,,,0,3036,4710,6443,8148,427,2169,767,12
817,-64,1188,26304,592,24963.36879,,,310049,8148,294080.5627,,,0,3532,4759,6465,8161,428,2176,771,12
818,-62,1188,26405,101,25058.31181,,,311213,1164,295210.0784,,,0,3544,4777,6483,8179,433,2200,777,12
819,-61,1188,26497,92,25376.0458,,,312278,1065,299502.4557,,,0,3550,4792,6505,8198,438,2219,783,12
820,-60,1188,26564,67,25692.52269,,,313070,792,303746.032,,,0,3554,4799,6519,8208,442,2239,791,12
821,-59,1188,27139,575,25871.97982,,,320554,7484,306163.5019,,,0,4012,4825,6549,8224,450,2263,804,12
822,-58,1188,27649,510,26164.16919,,,326227,5673,310076.9572,,,0,4071,5065,6681,8265,461,2281,813,12
823,-57,1188,27760,111,26243.57479,,,327481,1254,310985.4529,,,0,4082,5098,6712,8280,462,2298,816,12
824,-55,1188,27902,142,26380.83725,,,329117,1636,312567.2671,,,0,4111,5120,6744,8303,470,2318,824,12
825,-54,1188,28004,102,26465.75509,,,330342,1225,313613.8802,,,0,4119,5135,6763,8321,480,2340,834,12
826,-53,1188,28043,39,26651.88673,,,330777,435,315790.3401,,,0,4122,5140,6780,8326,481,2347,835,12
827,-52,1188,28142,99,26915.94082,,,331817,1040,318788.6069,,,0,4124,5147,6811,8358,482,2368,840,12
828,-51,1188,28221,79,27003.00962,,,332717,900,319826.8651,,,0,4124,5164,6832,8381,484,2381,843,12
829,-50,1188,28306,85,27103.71276,,,333657,940,320960.0097,,,0,4131,5176,6851,8408,484,2398,846,12
830,-48,1188,28450,144,27254.31726,,,335132,1475,322716.978,,,0,4071,5082,6669,8838,500,2420,858,12
831,-47,1188,28590,140,27505.42337,,,336547,1415,325919.9681,,,0,4082,5095,6703,8879,504,2439,876,12
832,-46,1188,28942,352,27965.34564,,,341494,4947,332070.4289,,,0,4333,5112,6728,8905,512,2456,884,12
833,-45,1188,29100,158,28436.46979,,,343109,1615,337927.798,,,0,4342,5153,6763,8937,520,2478,895,12
834,-44,1188,29491,391,28652.74374,,,348152,5043,339867.9485,,,0,4636,5160,6782,8962,521,2503,908,19
835,-43,1188,29593,102,28870.0257,,,349277,1125,343331.0983,,,0,4653,5170,6805,8977,523,2521,917,27
836,-41,1188,29752,159,29005.74642,,,351080,1803,344941.604,,,0,4696,5179,6825,9007,528,2554,932,31
837,-40,1188,30061,309,29363.12111,,,354983.5,3903.5,349598.1935,,,0,4850,5216,6857,9045,533,2588,940,32
838,-39,1188,30217,156,29623.64265,,,356863.5,1880,353033.0493,,,0,4861,5245,6877,9078,540,2638,946,32
839,-38,1188,30341,124,29736.73731,,,358375.5,1512,354427.6162,,,0,4857,5267,6902,9113,545,2667,957,33
840,-37,1188,30940,599,30263.57115,,,365060.5,6685,360868.2739,,,0,4908,5566,7068,9144,549,2695,976,34
841,-36,1188,31073,133,30375.44062,,,366376.5,1316,362051.3487,,,0,4924,5593,7098,9172,551,2721,979,35
842,-34,1188,31237,164,30536.48974,,,368165.5,1789,363848.2119,,,0,4913,5626,7144,9209,557,2763,988,37
843,-33,1188,31535,298,30698.50322,,,371958.5,3793,365559.1733,,,0,5037,5673,7186,9227,563,2807,1005,37
844,-32,1188,31704,169,31162.12686,,,373657.5,1699,370988.7998,,,0,5030,5702,7231,9258,571,2861,1014,37
845,-31,1188,32028,324,31297.1547,,,377792.5,4135,372447.3324,,,0,5235,5717,7258,9283,574,2896,1027,38
846,,1188,32277,249,31788.56148,,,380631,2838.5,377692.2205,,,1,5271,5787,7323,9312,583,2926,1038,38
847,-29,1188,32526,249,31936.94343,,,383468.5,2837.5,379101.2511,,,0,5306,5857,7388,9341,591,2956,1049,38
848,-27,1188,32737,211,32217.93622,,,385515,2046.5,382424.9407,,,0,5321,5884,7417,9378,616,3009,1074,38
849,-26,1188,32931,194,32378.78517,,,387481,1966,384059.6421,,,0,5338,5906,7468,9409,628,3052,1090,40
850,-25,1188,33129,198,32812.60298,,,389637,2156,389249.8525,,,0,5341,5926,7510,9451,643,3106,1111,41
851,-24,1188,33295,166,32967.48717,,,391355,1718,390886.4686,,,0,5345,5941,7547,9489,651,3150,1131,41
852,-23,1188,33644,349,33466.49897,,,395053,3698,396163.9124,,,0,5384,6058,7652,9518,657,3186,1148,41
853,-22,1188,33751,107,33626.59408,,,396114,1061,397764.9572,,,0,5393,6069,7669,9543,663,3214,1159,41
854,-20,1188,33953,202,33834.86671,,,398057,1943,399965.8169,,,0,5396,6086,7708,9594,674,3269,1185,41
855,-19,1188,34255,302,34010.82818,,,401673,3616,401793.5318,,,0,5522,6117,7742,9638,687,3297,1211,41
856,-18,1188,34639,384,34176.14379,,,405786.5,4113.5,403451.5847,,,0,5553,6213,7852,9700,691,3333,1256,41
857,-17,1188,34805,166,34372.44547,,,407603.5,1817,405454.6157,,,0,5568,6221,7892,9741,696,3358,1288,41
858,-16,1188,34941,136,34618.29187,,,408882.5,1279,407940.2483,,,0,5564,6246,7916,9774,702,3388,1310,41
859,-15,1188,35292,351,34771.08568,,,412388.5,3506,409346.7731,,,0,5599,6348,8039,9819,707,3418,1320,42
860,-13,1188,35509,217,34934.22528,,,414725.5,2337,411047.9298,,,0,5524,6281,7880,10248,718,3452,1363,43
861,-12,1188,35925,416,35072.93308,,,419095,4369.5,412958.5904,,,0,5556,6364,8014,10308,734,3492,1414,43
862,-11,1188,36000,75,35231.22824,,,420298,1203,414785.1053,,,0,5552,6320,8036,10345,740,3523,1441,43
863,-10,1188,36183,183,35259.07105,,,422322,2024,415591.1236,,,0,5524,6323,8116,10395,746,3554,1482,43
864,-9,1188,36529,346,35850.6083,,,426120,3798,421896.2178,,,0,5684,6333,8178,10431,760,3618,1482,43
865,-8,1188,36703,174,36043.13202,,,427653,1533,423616.5384,,,0,5678,6350,8227,10468,776,3660,1501,43
866,-6,1188,36398,-305,36316.66449,,,426603,-1050,426377.8846,,,0,5628,6330,8175,10269,752,3658,1542,44
867,-5,1188,36937,539,36749.73647,,,431941,5338,430581.9762,,,0,5640,6391,8287,10409,771,3767,1628,44
868,-4,1188,37286,349,37344.37385,,,435588,3647,436876.8417,,,0,5663,6424,8341,10496,791,3843,1684,44
869,-3,1188,37098,-188,36522.58535,,,434440,-1148,430077.8907,,,0,5600,6361,8267,10394,795,3891,1746,44
870,-2,1188,37578,480,37076.87604,,,439879,5439,436169.2553,,,0,5657,6433,8365,10542,810,3937,1790,44
871,-1,1188,37774,196,37599.60565,,,441786,1907,441027.166,,,0,5681,6447,8423,10607,818,3952,1802,44
872,1,1188,38012,238,37959.76719,,,444379,2593,444648.6175,,,0,5720,6459,8479,10679,828,3974,1829,44
873,-125,1198,17982,0,,17673.14612,,207421,0,,206992.6254,,0,2213,3579,5601,4448,243,1509,367,22
874,-124,1198,18208,226,,17844.6139,,209965,2544,,209090.7642,,0,2240,3635,5656,4484,247,1542,381,23
875,-123,1198,18371,163,,18007.86079,,211767,1802,,211004.0236,,0,2266,3664,5693,4520,248,1567,390,23
876,-122,1198,18559,188,,18157.90175,,213823,2056,,212671.3411,,0,2303,3696,5742,4548,248,1596,403,23
877,-121,1198,18662,103,,18280.79001,,215068,1245,,214071.179,,0,2311,3720,5774,4564,251,1613,406,23
878,-120,1198,18767,105,,18393.17277,,216199,1131,,215334.4173,,0,2332,3738,5798,4588,252,1624,412,23
879,-118,1198,18946,179,,18553.87417,,218433,2234,,217163.6101,,0,2346,3784,5853,4621,254,1646,419,23
880,-117,1198,19098,152,,18721.05363,,220230,1797,,219092.424,,0,2379,3809,5886,4645,257,1664,435,23
881,-116,1198,19245,147,,18882.35659,,221870,1640,,220987.6955,,0,2399,3842,5914,4675,258,1687,447,23
882,-115,1198,19411,166,,19022.63382,,223819,1949,,222591.2821,,0,2422,3878,5958,4704,258,1715,453,23
883,-114,1198,19869,458,,19402.80177,,228965,5146,,226772.6113,,0,2504,4079,6053,4755,265,1730,460,23
884,-113,1198,19994,125,,19525.83589,,230518,1553,,228136.619,,0,2524,4115,6085,4772,267,1741,466,24
885,-111,1198,20166,172,,19677.87583,,232356,1838,,229891.5373,,0,2526,4150,6130,4801,271,1784,479,25
886,-110,1198,20349,183,,19828.02905,,234183,1827,,231598.1138,,0,2548,4178,6174,4830,277,1817,500,25
887,-109,1198,20512,163,,19965.47006,,235977,1794,,233142.0229,,0,2572,4217,6196,4867,283,1841,511,25
888,-108,1198,20650,138,,20106.37448,,237609,1632,,234727.7324,,0,2585,4248,6234,4890,284,1864,519,26
889,-107,1198,20744,94,,20288.83504,,238575,966,,236758.4741,,0,2594,4258,6252,4917,288,1881,528,26
890,-106,1198,20857,113,,20399.50138,,239615,1040,,237967.3639,,0,2601,4282,6286,4941,289,1898,534,26
891,-104,1198,21069,212,,20541.4078,,242128,2513,,239652.3416,,0,1092,3980,5471,7708,297,1939,556,26
892,-103,1198,21205,136,,20709.3566,,244022,1894,,241825.6686,,0,1119,3994,5538,7704,297,1961,566,26
893,-102,1198,21352,147,,20846.90162,,245625,1603,,243461.3328,,0,1125,4014,5583,7739,302,1988,575,26
894,-101,1198,21456,104,,20958.16817,,246937,1312,,244818.485,,0,1130,4032,5614,7759,303,2011,581,26
895,-100,,,,,21045.73727,21552.0411,,,,245751.3301,247954.6521,0,,,,,,,,
896,-99,,,,,21139.19107,21645.1295,,,,246836.524,249036.2725,0,,,,,,,,
897,-97,,,,,21240.23746,21746.25046,,,,247947.8885,250145.0938,0,,,,,,,,
898,-96,,,,,21342.94079,21848.68138,,,,249142.5292,251331.2434,0,,,,,,,,
899,-95,,,,,21426.78255,21932.28417,,,,250004.8655,252183.7645,0,,,,,,,,
900,-94,,,,,21495.07546,22000.71139,,,,250707.1904,252884.8816,0,,,,,,,,
901,-93,,,,,21550.60489,22056.06533,,,,251283.349,253452.8948,0,,,,,,,,
902,-92,,,,,21605.43936,22111.1412,,,,251860.174,254014.6453,0,,,,,,,,
903,-90,,,,,21649.16638,22155.54737,,,,252211.806,254361.7884,0,,,,,,,,
904,-89,,,,,21735.55731,22242.36216,,,,253100.1014,255234.1182,0,,,,,,,,
905,-88,,,,,21885.42701,22392.51731,,,,254703.0553,256820.2132,0,,,,,,,,
906,-87,,,,,21970.66988,22476.23011,,,,255546.1301,257680.6634,0,,,,,,,,
907,-86,,,,,22300.28414,22806.08471,,,,259132.8638,261243.2711,0,,,,,,,,
908,-85,,,,,22383.55808,22890.58063,,,,259985.582,262069.9547,0,,,,,,,,
909,-83,,,,,22488.83305,22996.1564,,,,261167.7234,263227.6101,0,,,,,,,,
910,-82,,,,,22576.98946,23084.95038,,,,262109.0108,264157.2824,0,,,,,,,,
911,-81,,,,,22654.53806,23162.5774,,,,262923.1432,264973.4495,0,,,,,,,,
912,-80,,,,,22725.54967,23233.81435,,,,263628.9271,265667.1783,0,,,,,,,,
913,-79,,,,,22855.9709,23365.03926,,,,265043.7006,267064.7168,0,,,,,,,,
914,-78,,,,,22919.78606,23428.51263,,,,265638.845,267652.859,0,,,,,,,,
915,-76,,,,,22998.6986,23506.68954,,,,266438.4901,268451.8466,0,,,,,,,,
916,-75,,,,,23276.7301,23784.84683,,,,269988.3443,272028.9542,0,,,,,,,,
917,-74,,,,,23358.4408,23865.38518,,,,270822.261,272851.6401,0,,,,,,,,
918,-73,,,,,23506.22003,24012.53596,,,,272662.617,274732.1514,0,,,,,,,,
919,-72,,,,,23804.80454,24312.02916,,,,276553.1667,278616.1616,0,,,,,,,,
920,-71,,,,,23909.18152,24418.46106,,,,277831.3792,279843.7407,0,,,,,,,,
921,-69,,,,,24081.30714,24590.32461,,,,279873.3631,281903.1598,0,,,,,,,,
922,-68,,,,,24346.68436,24854.16688,,,,283309.0739,285379.6534,0,,,,,,,,
923,-67,,,,,24696.01024,25203.11155,,,,288036.2053,290099.185,0,,,,,,,,
924,-66,,,,,24771.27612,25277.50786,,,,288918.7458,291002.2025,0,,,,,,,,
925,-65,,,,,25021.553,25527.67465,,,,292260.183,294346.4514,0,,,,,,,,
926,-64,,,,,25270.68104,25776.5838,,,,295502.5517,297533.0682,0,,,,,,,,
927,-62,,,,,25364.89802,25872.28258,,,,296624.4267,298666.8928,0,,,,,,,,
928,-61,,,,,25644.87525,26150.44287,,,,300386.2044,302428.0122,0,,,,,,,,
929,-60,,,,,25920.72168,26423.90126,,,,304035.6748,306084.1945,0,,,,,,,,
930,-59,,,,,26166.17145,26667.11783,,,,307299.6628,309360.224,0,,,,,,,,
931,-58,,,,,26492.51921,26994.23976,,,,311529.6164,313560.9498,0,,,,,,,,
932,-57,,,,,26576.10163,27078.04491,,,,312504.0313,314523.6412,0,,,,,,,,
933,-55,,,,,26713.08437,27213.85138,,,,314107.2231,316119.1351,0,,,,,,,,
934,-54,,,,,26800.66335,27300.1127,,,,315207.442,317218.3324,0,,,,,,,,
935,-53,,,,,26963.04993,27460.08949,,,,317112.0045,319124.2151,0,,,,,,,,
936,-52,,,,,27199.42251,27694.65521,,,,319803.374,321842.3222,0,,,,,,,,
937,-51,,,,,27285.07186,27778.8774,,,,320847.4231,322862.4368,0,,,,,,,,
938,-50,,,,,27381.91033,27874.75079,,,,321968.1586,323970.9338,0,,,,,,,,
939,-48,,,,,27530.49864,28023.49211,,,,323712.1023,325689.7386,0,,,,,,,,
940,-47,,,,,27761.40927,28253.86194,,,,326644.1336,328613.5889,0,,,,,,,,
941,-46,,,,,28205.55665,28693.99791,,,,332616.6763,334637.183,0,,,,,,,,
942,-45,,,,,28625.26545,29111.16551,,,,337796.5355,339824.6844,0,,,,,,,,
943,-44,,,,,28869.30692,29354.5789,,,,340284.1292,342314.4646,0,,,,,,,,
944,-43,,,,,29067.28846,29551.54228,,,,343387.3986,345398.4678,0,,,,,,,,
945,-41,,,,,29207.34572,29689.23828,,,,345048.2902,347081.6544,0,,,,,,,,
946,-40,,,,,29555.94151,30037.61244,,,,349621.1421,351648.5998,0,,,,,,,,
947,-39,,,,,29799.59227,30278.58175,,,,352824.1265,354872.0834,0,,,,,,,,
948,-38,,,,,29916.60441,30392.14019,,,,354283.0212,356357.7917,0,,,,,,,,
949,-37,,,,,30455.62304,30929.35934,,,,360803.4061,362871.8818,0,,,,,,,,
950,-36,,,,,30570.46114,31043.5644,,,,362064.9633,364107.9003,0,,,,,,,,
951,-34,,,,,30732.33979,31204.22543,,,,363890.3668,365934.3322,0,,,,,,,,
952,-33,,,,,30917.92632,31387.64447,,,,365987.0002,368043.4948,0,,,,,,,,
953,-32,,,,,31333.17444,31801.10063,,,,370838.5458,372881.1006,0,,,,,,,,
954,-31,,,,,31500.20104,31965.94627,,,,372784.1709,374841.9432,0,,,,,,,,
955,-30,,,,,31951.85605,32416.57141,,,,377673.7821,379716.0531,0,,,,,,,,
956,-29,,,,,32116.3608,32580.82447,,,,379361.4191,381394.6596,0,,,,,,,,
957,-27,,,,,32386.4155,32849.43349,,,,382491.7176,384524.6841,0,,,,,,,,
958,-26,,,,,32552.52009,33014.98537,,,,384234.5045,386250.6769,0,,,,,,,,
959,-25,,,,,32948.59993,33408.78258,,,,388969.0328,390979.8543,0,,,,,,,,
960,-24,,,,,33106.96647,33564.52742,,,,390645.491,392671.044,0,,,,,,,,
961,-23,,,,,33582.20282,34038.47109,,,,395709.004,397717.6239,0,,,,,,,,
962,-22,,,,,33733.45202,34188.75965,,,,397261.89,399256.5754,0,,,,,,,,
963,-20,,,,,33942.55781,34396.34559,,,,399461.7093,401445.1684,0,,,,,,,,
964,-19,,,,,34140.33512,34591.68427,,,,401624.2767,403595.887,0,,,,,,,,
965,-18,,,,,34343.72371,34794.06092,,,,403736.2585,405701.4842,0,,,,,,,,
966,-17,,,,,34535.68025,34984.7478,,,,405730.0964,407665.495,0,,,,,,,,
967,-16,,,,,34763.61023,35211.62085,,,,408056.8939,409986.2318,0,,,,,,,,
968,-15,,,,,34952.56196,35397.70826,,,,409838.0049,411769.298,0,,,,,,,,
969,-13,,,,,35126.55554,35568.82007,,,,411666.4841,413586.0078,0,,,,,,,,
970,-12,,,,,35312.89802,35754.32218,,,,414015.4415,415939.744,0,,,,,,,,
971,-11,,,,,35455.90584,35897.99749,,,,415770.2874,417667.5859,0,,,,,,,,
972,-10,,,,,35510.92691,35950.54968,,,,416774.572,418696.5037,0,,,,,,,,
973,-9,,,,,36062.22326,36502.58724,,,,422674.7752,424577.598,0,,,,,,,,
974,-8,,,,,36250.68823,36690.5555,,,,424355.0604,426269.6073,0,,,,,,,,
975,-6,,,,,36429.95155,36868.0258,,,,426523.2541,428437.2869,0,,,,,,,,
976,-5,,,,,36880.52187,37318.39711,,,,430898.3375,432829.2854,0,,,,,,,,
977,-4,,,,,37436.61906,37869.62856,,,,436799.575,438662.7573,0,,,,,,,,
978,-3,,,,,36723.31933,37154.29528,,,,430938.2237,432876.0412,0,,,,,,,,
979,-2,,,,,37263.27007,37695.27063,,,,436916.8722,438823.0963,0,,,,,,,,
980,-1,,,,,37729.44473,38162.33548,,,,441328.7495,443168.6664,0,,,,,,,,
981,1,,,,,38074.62669,38502.12804,,,,444757.6473,446622.6772,0,,,,,,,,
