Observation,TermDays,Strm,Headcount,HeadcountDiff,DummyData
1,-125,1118,15533,0,0
2,-124,1118,15642,109,0
3,-123,1118,15750,108,1
4,-122,1118,15857,107,0
5,-121,1118,16063,206,0
6,-119,1118,16236,173,0
7,-120,1118,16382,146,0
8,-118,1118,16494,112,0
9,-117,1118,16596,102,0
10,-116,1118,16674,78,1
11,-115,1118,16751,77,1
12,-114,1118,16905,154,0
13,-113,1118,17038,133,0
14,-112,1118,17338,300,1
15,-111,1118,17637,299,0
16,-110,1118,17749,112,0
17,-109,1118,17822,73,1
18,-108,1118,17894,72,0
19,-107,1118,18040,146,0
20,-106,1118,18187,147,0
21,-105,1118,18346,159,0
22,-104,1118,18455,109,0
23,-103,1118,18567,112,0
24,-102,1118,18650,83,1
25,-101,1118,18732,82,0
26,-100,1118,18878,146,0
27,-99,1118,18974,96,0
28,-98,1118,19086,112,0
29,-97,1118,19481,395,0
30,-96,1118,19514,33,1
31,-95,1118,19547,33,0
32,-94,1118,19651,104,0
33,-93,1118,19746,95,0
34,-92,1118,19825,79,0
35,-91,1118,19878,53,0
36,-90,1118,19924,46,0
37,-89,1118,19953,29,1
38,-88,1118,19981,28,0
39,-87,1118,20017,36,0
40,-86,1118,20094,77,0
41,-85,1118,20255,161,0
42,-84,1118,20365,110,0
43,-83,1118,20645,280,0
44,-82,1118,20715,70,0
45,-81,1118,20774,59,1
46,-80,1118,20833,59,0
47,-79,1118,20912,79,0
48,-78,1118,20992,80,0
49,-77,1118,21062,70,0
50,-76,1118,21314,252,0
51,-75,1118,21353,39,1
52,-74,1118,21391,38,0
53,-73,1118,21498,107,0
54,-72,1118,21656,158,0
55,-71,1118,21727,71,0
56,-70,1118,21810,83,0
57,-69,1118,22415,605,0
58,-68,1118,22481,66,0
59,-67,1118,22519,38,1
60,-66,1118,22557,38,0
61,-65,1118,23181,624,0
62,-64,1118,23263,82,0
63,-63,1118,23350,87,0
64,-62,1118,23713,363,0
65,-61,1118,23793,80,0
66,-60,1118,23847,54,1
67,-59,1118,23901,54,0
68,-58,1118,24534,633,0
69,-57,1118,24616,82,0
70,-56,1118,24715,99,0
71,-55,1118,25325,610,0
72,-54,1118,25350,25,1
73,-53,1118,25375,25,0
74,-52,1118,25397,22,0
75,-51,1118,25494,97,0
76,-50,1118,25629,135,0
77,-49,1118,25722,93,0
78,-48,1118,26140,418,0
79,-47,1118,26262,122,0
80,-46,1118,26343,81,1
81,-45,1118,26423,80,0
82,-44,1118,26573,150,0
83,-43,1118,27263,690,0
84,-42,1118,27408,145,0
85,-41,1118,27559,151,0
86,-40,1118,27739,180,0
87,-39,1118,27834,95,1
88,-38,1118,27928,94,0
89,-37,1118,28689,761,0
90,-36,1118,28882,193,0
91,-35,1118,29051,169,0
92,-34,1118,29589,538,0
93,-33,1118,29694,105,0
94,-32,1118,29795,101,1
95,-31,1118,29896,101,0
96,-30,1118,30114,218,0
97,-29,1118,30298,184,0
98,-28,1118,30484,186,0
99,-27,1118,30980,496,0
100,-26,1118,31162,182,0
101,-25,1118,31304,142,1
102,-24,1118,31446,142,0
103,-23,1118,31436,-10,0
104,-22,1118,31437,1,0
105,-21,1118,30427,-1010,0
106,-20,1118,30452,25,0
107,-19,1118,30453,1,0
108,-18,1118,30461,8,1
109,-17,1118,30469,8,0
110,-16,1118,30483,14,0
111,-15,1118,30514,31,0
112,-14,1118,30538,24,0
113,-13,1118,30525,-13,0
114,-12,1118,30525,0,0
115,-11,1118,30532,7,1
116,-10,1118,30539,7,0
117,-9,1118,30542,3,0
118,-8,1118,31062,520,0
119,-7,1118,33761,2699,0
120,-6,1118,34779,1018,0
121,-5,1118,35153,374,0
122,-4,1118,35490,337,1
123,-3,1118,35827,337,0
124,-2,1118,35048,-779,0
125,-1,1118,36552,1504,0
126,1,1118,36949,397,0
127,-125,1128,16706,0,0
128,-124,1128,16831,125,1
129,-123,1128,16955,124,0
130,-122,1128,17073,118,1
131,-121,1128,17191,118,0
132,-119,1128,17371,180,0
133,-120,1128,17533,162,0
134,-118,1128,17917,384,0
135,-117,1128,18023,106,0
136,-116,1128,18122,99,0
137,-115,1128,18191,69,1
138,-114,1128,18259,68,0
139,-113,1128,18384,125,0
140,-112,1128,18513,129,0
141,-111,1128,18672,159,0
142,-110,1128,18770,98,0
143,-109,1128,18821,51,1
144,-108,1128,18871,50,0
145,-107,1128,19042,171,0
146,-106,1128,19203,161,0
147,-105,1128,19308,105,0
148,-104,1128,19403,95,0
149,-103,1128,19479,76,0
150,-102,1128,19533,54,0
151,-101,1128,19573,40,1
152,-100,1128,19612,39,0
153,-99,1128,19698,86,0
154,-98,1128,19771,73,0
155,-97,1128,19854,83,0
156,-96,1128,19896,42,0
157,-95,1128,19957,61,0
158,-94,1128,19972,15,1
159,-93,1128,19986,14,0
160,-92,1128,20046,60,0
161,-91,1128,20165,119,0
162,-90,1128,20244,79,0
163,-89,1128,20681,437,0
164,-88,1128,20747,66,0
165,-87,1128,20791,44,1
166,-86,1128,20834,43,0
167,-85,1128,20893,59,0
168,-84,1128,20953,60,0
169,-83,1128,21018,65,0
170,-82,1128,21047,29,0
171,-81,1128,21109,62,0
172,-80,1128,21153,44,1
173,-79,1128,21197,44,0
174,-78,1128,21235,38,0
175,-77,1128,21385,150,0
176,-76,1128,21471,86,0
177,-75,1128,22187,716,0
178,-74,1128,22254,67,0
179,-73,1128,22287,33,1
180,-72,1128,22319,32,0
181,-71,1128,22975,656,0
182,-70,1128,23061,86,0
183,-69,1128,23125,64,0
184,-68,1128,23168,43,0
185,-67,1128,23222,54,0
186,-66,1128,23263,41,1
187,-65,1128,23303,40,0
188,-64,1128,23386,83,0
189,-63,1128,24037,651,0
190,-62,1128,24132,95,0
191,-61,1128,24691,559,0
192,-60,1128,24782,91,0
193,-59,1128,24842,60,1
194,-58,1128,24901,59,0
195,-57,1128,24954,53,1
196,-56,1128,25007,53,0
197,-55,1128,25132,125,0
198,-54,1128,25394,262,1
199,-53,1128,25656,262,0
200,-52,1128,25759,103,0
201,-51,1128,25864,105,1
202,-50,1128,25968,104,0
203,-49,1128,26075,107,0
204,-48,1128,26813,738,0
205,-47,1128,26974,161,0
206,-46,1128,27635,661,0
207,-45,1128,27741,106,0
208,-44,1128,27844,103,1
209,-43,1128,27947,103,0
210,-42,1128,28692,745,0
211,-41,1128,28863,171,0
212,-40,1128,28985,122,0
213,-39,1128,29751,766,0
214,-38,1128,29832,81,0
215,-37,1128,29912,80,1
216,-36,1128,29992,80,0
217,-35,1128,30106,114,0
218,-34,1128,30235,129,0
219,-33,1128,30354,119,0
220,-32,1128,30877,523,0
221,-31,1128,31034,157,0
222,-30,1128,31125,91,1
223,-29,1128,31215,90,0
224,-28,1128,31415,200,0
225,-27,1128,31574,159,0
226,-26,1128,31751,177,0
227,-25,1128,32190,439,0
228,-24,1128,32352,162,0
229,-23,1128,32510,158,1
230,-22,1128,32668,158,0
231,-21,1128,32659,-9,0
232,-20,1128,32656,-3,0
233,-19,1128,31579,-1077,0
234,-18,1128,31596,17,0
235,-17,1128,31597,1,0
236,-16,1128,31612,15,1
237,-15,1128,31626,14,0
238,-14,1128,31623,-3,0
239,-13,1128,31464,-159,0
240,-12,1128,31476,12,0
241,-11,1128,31480,4,0
242,-10,1128,31482,2,0
243,-9,1128,31485,3,1
244,-8,1128,31488,3,0
245,-7,1128,31504,16,0
246,-6,1128,34093,2589,0
247,-5,1128,35273,1180,0
248,-4,1128,36075,802,0
249,-3,1128,36385,310,0
250,-2,1128,35908,-477,1
251,-1,1128,35432,-476,0
252,1,1128,36791,1359,0
253,1,1128,37191,400,0
254,-125,1138,16856,0,0
255,-124,1138,16987,131,1
256,-123,1138,17117,130,0
257,-122,1138,17201,84,1
258,-121,1138,17285,84,0
259,-119,1138,17472,187,0
260,-120,1138,17643,171,0
261,-118,1138,17805,162,0
262,-117,1138,18072,267,0
263,-116,1138,18204,132,0
264,-115,1138,18280,76,1
265,-114,1138,18356,76,0
266,-113,1138,18522,166,0
267,-112,1138,18697,175,0
268,-111,1138,18848,151,0
269,-110,1138,18941,93,0
270,-109,1138,19031,90,0
271,-108,1138,19113,82,1
272,-107,1138,19195,82,0
273,-106,1138,19362,167,0
274,-105,1138,19503,141,0
275,-104,1138,19615,112,0
276,-103,1138,19709,94,0
277,-102,1138,19775,66,0
278,-101,1138,19820,45,1
279,-100,1138,19865,45,0
280,-99,1138,19954,89,0
281,-98,1138,20039,85,0
282,-97,1138,20114,75,0
283,-96,1138,20169,55,0
284,-95,1138,20193,24,0
285,-94,1138,20210,17,1
286,-93,1138,20226,16,0
287,-92,1138,20308,82,0
288,-91,1138,20384,76,1
289,-90,1138,20459,75,0
290,-89,1138,20925,466,0
291,-88,1138,21004,79,0
292,-87,1138,21062,58,1
293,-86,1138,21120,58,0
294,-85,1138,21224,104,0
295,-84,1138,21325,101,0
296,-83,1138,21434,109,0
297,-82,1138,21492,58,0
298,-81,1138,21568,76,0
299,-80,1138,21606,38,1
300,-79,1138,21643,37,0
301,-78,1138,21731,88,0
302,-77,1138,21816,85,0
303,-76,1138,21892,76,0
304,-75,1138,21948,56,0
305,-74,1138,21996,48,0
306,-73,1138,22045,49,1
307,-72,1138,22093,48,0
308,-71,1138,22185,92,0
309,-70,1138,22870,685,0
310,-69,1138,22948,78,0
311,-68,1138,22999,51,0
312,-67,1138,23062,63,0
313,-66,1138,23097,35,
314,-65,1138,23131,34,0
315,-64,1138,23815,684,0
316,-63,1138,23913,98,0
317,-62,1138,23994,81,0
318,-61,1138,24637,643,0
319,-60,1138,24707,70,0
320,-59,1138,24742,35,1
321,-58,1138,24777,35,0
322,-57,1138,24903,126,0
323,-56,1138,25325,422,0
324,-55,1138,25371,46,0
325,-54,1138,25471,100,0
326,-53,1138,25552,81,0
327,-52,1138,25615,63,1
328,-51,1138,25677,62,0
329,-50,1138,25806,129,0
330,-49,1138,25990,184,0
331,-48,1138,26633,643,1
332,-47,1138,27275,642,0
333,-46,1138,27417,142,0
334,-45,1138,27506,89,1
335,-44,1138,27595,89,0
336,-43,1138,28371,776,0
337,-42,1138,28504,133,0
338,-41,1138,28637,133,0
339,-40,1138,29347,710,0
340,-39,1138,29425,78,0
341,-38,1138,29504,79,1
342,-37,1138,29583,79,0
343,-36,1138,29753,170,0
344,-35,1138,29880,127,0
345,-34,1138,30034,154,0
346,-33,1138,30595,561,0
347,-32,1138,30717,122,0
348,-31,1138,30805,88,1
349,-30,1138,30893,88,0
350,-29,1138,31074,181,0
351,-28,1138,31764,690,0
352,-27,1138,31889,125,0
353,-26,1138,32443,554,0
354,-25,1138,32594,151,0
355,-24,1138,32696,102,1
356,-23,1138,32797,101,0
357,-22,1138,32993,196,0
358,-21,1138,33174,181,0
359,-20,1138,33341,167,0
360,-19,1138,33476,135,0
361,-18,1138,33584,108,0
362,-17,1138,33695,111,1
363,-16,1138,33806,111,0
364,-15,1138,34039,233,0
365,-14,1138,34066,27,0
366,-13,1138,33404,-662,0
367,-12,1138,33775,371,0
368,-11,1138,34039,264,0
369,-10,1138,34213,174,1
370,-9,1138,34386,173,0
371,-8,1138,34753,367,0
372,-7,1138,35101,348,0
373,-6,1138,35737,636,0
374,-5,1138,36469,732,0
375,-4,1138,36704,235,0
376,-3,1138,36091,-613,1
377,-2,1138,35478,-613,0
378,-1,1138,37133,1655,0
379,1,1138,37551,418,0
380,-125,1148,16613,0,0
381,-124,1148,16825,212,0
382,-123,1148,16984,159,0
383,-122,1148,17107,123,1
384,-121,1148,17230,123,0
385,-119,1148,17314,84,1
386,-120,1148,17397,83,0
387,-118,1148,17600,203,0
388,-117,1148,17746,146,0
389,-116,1148,17918,172,0
390,-115,1148,18415,497,0
391,-114,1148,18484,69,1
392,-113,1148,18552,68,0
393,-112,1148,18695,143,0
394,-111,1148,18870,175,0
395,-110,1148,19022,152,0
396,-109,1148,19145,123,0
397,-108,1148,19257,112,0
398,-107,1148,19353,96,0
399,-106,1148,19418,65,1
400,-105,1148,19482,64,0
401,-104,1148,19694,212,0
402,-103,1148,19867,173,0
403,-102,1148,20007,140,0
404,-101,1148,20106,99,0
405,-100,1148,20189,83,0
406,-99,1148,20250,61,1
407,-98,1148,20311,61,0
408,-97,1148,20440,129,0
409,-96,1148,20539,99,0
410,-95,1148,20627,88,0
411,-94,1148,20700,73,0
412,-93,1148,20766,66,0
413,-92,1148,20791,25,1
414,-91,1148,20816,25,0
415,-90,1148,20944,128,0
416,-89,1148,21058,114,0
417,-88,1148,21145,87,0
418,-87,1148,21623,478,0
419,-86,1148,21709,86,0
420,-85,1148,21776,67,1
421,-84,1148,21842,66,0
422,-83,1148,21930,88,0
423,-82,1148,22011,81,0
424,-81,1148,22087,76,0
425,-80,1148,22116,29,1
426,-79,1148,22144,28,1
427,-78,1148,22202,58,1
428,-77,1148,22260,58,0
429,-76,1148,22379,119,0
430,-75,1148,22469,90,0
431,-74,1148,22554,85,0
432,-73,1148,22611,57,0
433,-72,1148,22671,60,0
434,-71,1148,22718,47,1
435,-70,1148,22765,47,0
436,-69,1148,22856,91,0
437,-68,1148,23546,690,0
438,-67,1148,23642,96,0
439,-66,1148,23700,58,0
440,-65,1148,23751,51,0
441,-64,1148,23799,48,1
442,-63,1148,23846,47,0
443,-62,1148,24520,674,0
444,-61,1148,24613,93,0
445,-60,1148,24689,76,0
446,-59,1148,25358,669,0
447,-58,1148,25427,69,0
448,-57,1148,25468,41,1
449,-56,1148,25508,40,0
450,-55,1148,25637,129,0
451,-54,1148,26142,505,0
452,-53,1148,26256,114,0
453,-52,1148,26284,28,0
454,-51,1148,26386,102,0
455,-50,1148,26472,86,1
456,-49,1148,26557,85,0
457,-48,1148,26712,155,0
458,-47,1148,27455,743,0
459,-46,1148,27614,159,0
460,-45,1148,28185,571,0
461,-44,1148,28243,58,0
462,-43,1148,28326,83,1
463,-42,1148,28408,82,0
464,-41,1148,29119,711,0
465,-40,1148,29281,162,0
466,-39,1148,29414,133,0
467,-38,1148,29977,563,0
468,-37,1148,30044,67,0
469,-36,1148,30130,86,1
470,-35,1148,30215,85,0
471,-34,1148,30373,158,0
472,-33,1148,30514,141,0
473,-32,1148,30655,141,0
474,-31,1148,31186,531,0
475,-30,1148,31301,115,0
476,-29,1148,31395,94,1
477,-28,1148,31489,94,0
478,-27,1148,31653,164,0
479,-26,1148,32235,582,0
480,-25,1148,32385,150,0
481,-24,1148,33021,636,0
482,-23,1148,33205,184,0
483,-22,1148,33333,128,1
484,-21,1148,33460,127,0
485,-20,1148,33711,251,0
486,-19,1148,33932,221,0
487,-18,1148,34130,198,0
488,-17,1148,34259,129,0
489,-16,1148,34399,140,0
490,-15,1148,34520,121,1
491,-14,1148,34640,120,0
492,-13,1148,34904,264,0
493,-12,1148,34985,81,0
494,-11,1148,34364,-621,0
495,-10,1148,35308,944,0
496,-9,1148,35495,187,0
497,-8,1148,35707,212,1
498,-7,1148,35919,212,0
499,-6,1148,36372,453,0
500,-5,1148,37035,663,0
501,-4,1148,35761,-1274,0
502,-3,1148,37092,1331,0
503,-2,1148,37381,289,0
504,-1,1148,37607,226,
505,1,1148,37832,225,0
506,-125,1158,16326,0,0
507,-124,1158,16504,178,0
508,-123,1158,16677,173,0
509,-122,1158,16803,126,0
510,-121,1158,16894,91,0
511,-120,1158,16950,56,1
512,-119,1158,17006,56,1
513,-118,1158,17063,57,0
514,-117,1158,17246,183,0
515,-116,1158,17388,142,0
516,-115,1158,17529,141,0
517,-114,1158,17635,106,0
518,-113,1158,17736,101,0
519,-112,1158,17760,24,1
520,-111,1158,17884,124,0
521,-110,1158,18005,121,0
522,-109,1158,18160,155,0
523,-108,1158,18319,159,0
524,-107,1158,18824,505,0
525,-106,1158,18944,120,0
526,-105,1158,18961,17,1
527,-104,1158,19098,137,1
528,-103,1158,19251,153,0
529,-102,1158,19372,121,0
530,-101,1158,19498,126,0
531,-100,1158,19611,113,0
532,-99,1158,19701,90,0
533,-98,1158,19730,29,1
534,-97,1158,19849,119,0
535,-96,1158,20008,159,0
536,-95,1158,20125,117,1
537,-94,1158,20241,116,0
538,-93,1158,20328,87,0
539,-92,1158,20397,69,0
540,-91,1158,20392,-5,1
541,-90,1158,20455,63,0
542,-89,1158,20548,93,0
543,-88,1158,20642,94,0
544,-87,1158,20740,98,0
545,-86,1158,20790,50,0
546,-85,1158,20853,63,0
547,-84,1158,20854,1,1
548,-83,1158,20918,64,0
549,-82,1158,20984,66,0
550,-81,1158,21087,103,0
551,-80,1158,21161,74,0
552,-79,1158,21643,482,0
553,-78,1158,21453,-190,1
554,-77,1158,21745,292,1
555,-76,1158,21847,102,0
556,-75,1158,21944,97,0
557,-74,1158,22033,89,0
558,-73,1158,22025,-8,1
559,-72,1158,22106,81,1
560,-71,1158,22174,68,1
561,-70,1158,22242,68,1
562,-69,1158,22310,68,1
563,-68,1158,22379,69,0
564,-67,1158,22989,610,0
565,-66,1158,23053,64,0
566,-65,1158,23114,61,0
567,-64,1158,23172,58,0
568,-63,1158,23184,12,1
569,-62,1158,23254,70,0
570,-61,1158,23852,598,0
571,-60,1158,23932,80,0
572,-59,1158,23987,55,0
573,-58,1158,24568,581,0
574,-57,1158,24638,70,0
575,-56,1158,24645,7,1
576,-55,1158,24721,76,0
577,-54,1158,24836,115,0
578,-53,1158,24951,115,0
579,-52,1158,25059,108,0
580,-51,1158,25099,40,0
581,-50,1158,25158,59,0
582,-49,1158,25176,18,1
583,-48,1158,25252,76,0
584,-47,1158,25399,147,0
585,-46,1158,26046,647,0
586,-45,1158,26688,642,0
587,-44,1158,26816,128,0
588,-43,1158,26904,88,0
589,-42,1158,26932,28,1
590,-41,1158,27047,115,0
591,-40,1158,27679,632,0
592,-39,1158,27817,138,0
593,-38,1158,27924,107,0
594,-37,1158,28626,702,0
595,-36,1158,28705,79,0
596,-35,1158,28738,33,1
597,-34,1158,28849,111,0
598,-33,1158,29046,197,0
599,-32,1158,29199,153,0
600,-31,1158,29328,129,0
601,-30,1158,29907,579,0
602,-29,1158,30051,144,0
603,-28,1158,30068,17,1
604,-27,1158,30228,160,0
605,-26,1158,30383,155,0
606,-25,1158,31122,739,0
607,-24,1158,31284,162,0
608,-23,1158,31873,589,0
609,-22,1158,32034,161,0
610,-21,1158,32058,24,1
611,-20,1158,32242,184,0
612,-19,1158,32410,168,0
613,-18,1158,32569,159,0
614,-17,1158,32732,163,0
615,-16,1158,33320,588,0
616,-15,1158,33470,150,0
617,-14,1158,33500,30,1
618,-13,1158,33680,180,0
619,-12,1158,33876,196,0
620,-11,1158,34126,250,0
621,-10,1158,34546,420,0
622,-9,1158,34878,332,0
623,-8,1158,35020,142,0
624,-7,1158,35032,12,1
625,-6,1158,35185,153,0
626,-5,1158,35552,367,0
627,-4,1158,36345,793,0
628,-3,1158,35153,-1192,0
629,-2,1158,36253,1100,0
630,-1,1158,36544,291,0
631,1,1158,36954,410,0
632,-125,1168,18127,0,0
633,-124,1168,18299,172,0
634,-123,1168,18478,179,0
635,-122,1168,18627,149,0
636,-121,1168,18743,116,0
637,-120,1168,18836,93,0
638,-119,1168,18900,64,1
639,-118,1168,18963,63,0
640,-117,1168,19109,146,0
641,-116,1168,19233,124,0
642,-115,1168,19341,108,0
643,-114,1168,19874,533,0
644,-113,1168,19987,113,0
645,-112,1168,20066,79,1
646,-111,1168,20144,78,0
647,-110,1168,20307,163,0
648,-109,1168,20440,133,0
649,-108,1168,20590,150,0
650,-107,1168,20702,112,0
651,-106,1168,20817,115,0
652,-105,1168,20903,86,1
653,-104,1168,20989,86,0
654,-103,1168,21189,200,0
655,-102,1168,21349,160,0
656,-101,1168,21491,142,0
657,-100,1168,21572,81,0
658,-99,1168,21646,74,0
659,-98,1168,21687,41,1
660,-97,1168,21728,41,0
661,-96,1168,21826,98,0
662,-95,1168,21897,71,0
663,-94,1168,21965,68,0
664,-93,1168,22009,44,0
665,-92,1168,22052,43,0
666,-91,1168,22073,21,1
667,-90,1168,22094,21,0
668,-89,1168,22172,78,0
669,-88,1168,22264,92,0
670,-87,1168,22350,86,0
671,-86,1168,22814,464,0
672,-85,1168,22900,86,0
673,-84,1168,22948,48,1
674,-83,1168,22996,48,0
675,-82,1168,23071,75,0
676,-81,1168,23149,78,0
677,-80,1168,23220,71,0
678,-79,1168,23277,57,0
679,-78,1168,23328,51,0
680,-77,1168,23363,35,1
681,-76,1168,23397,34,0
682,-75,1168,24028,631,0
683,-74,1168,24090,62,0
684,-73,1168,24143,53,0
685,-72,1168,24778,635,0
686,-71,1168,24827,49,0
687,-70,1168,24856,29,1
688,-69,1168,24884,28,0
689,-68,1168,25489,605,0
690,-67,1168,25574,85,0
691,-66,1168,25653,79,0
692,-65,1168,26271,618,0
693,-64,1168,26324,53,0
694,-63,1168,26376,52,1
695,-62,1168,26427,51,0
696,-61,1168,26571,144,0
697,-60,1168,26657,86,0
698,-59,1168,27258,601,0
699,-58,1168,27325,67,0
700,-57,1168,27374,49,0
701,-56,1168,27385,11,1
702,-55,1168,27395,10,0
703,-54,1168,27490,95,0
704,-53,1168,27582,92,0
705,-52,1168,28097,515,0
706,-51,1168,28211,114,0
707,-50,1168,28318,107,0
708,-49,1168,28383,65,1
709,-48,1168,28447,64,0
710,-47,1168,28591,144,0
711,-46,1168,28698,107,0
712,-45,1168,29351,653,0
713,-44,1168,29439,88,0
714,-43,1168,29507,68,0
715,-42,1168,29567,60,1
716,-41,1168,29626,59,0
717,-40,1168,29763,137,0
718,-39,1168,29908,145,0
719,-38,1168,30016,108,0
720,-37,1168,30644,628,0
721,-36,1168,30762,118,0
722,-35,1168,30848,86,1
723,-34,1168,30933,85,0
724,-33,1168,31074,141,0
725,-32,1168,31791,717,0
726,-31,1168,31945,154,0
727,-30,1168,32542,597,0
728,-29,1168,32675,133,0
729,-28,1168,32758,83,1
730,-27,1168,32840,82,0
731,-26,1168,32993,153,0
732,-25,1168,33155,162,0
733,-24,1168,33306,151,0
734,-23,1168,33898,592,0
735,-22,1168,34027,129,0
736,-21,1168,34133,106,1
737,-20,1168,34239,106,0
738,-19,1168,34405,166,0
739,-18,1168,34561,156,0
740,-17,1168,34716,155,0
741,-16,1168,34832,116,0
742,-15,1168,34950,118,0
743,-14,1168,35035,85,1
744,-13,1168,35119,84,0
745,-12,1168,35710,591,0
746,-11,1168,35780,70,0
747,-10,1168,35651,-129,0
748,-9,1168,36392,741,0
749,-8,1168,36518,126,0
750,-7,1168,36715,197,1
751,-6,1168,36912,197,0
752,-5,1168,37222,310,0
753,-4,1168,37549,327,0
754,-3,1168,36717,-832,0
755,-2,1168,37418,701,0
756,-1,1168,37600,182,0
757,1,1168,37874,274,0
758,-125,1178,17805,0,0
759,-124,1178,17979,174,0
760,-123,1178,18142,163,0
761,-122,1178,18301,159,0
762,-121,1178,18424,123,0
763,-120,1178,18530,106,0
764,-119,1178,18626,96,1
765,-118,1178,18722,96,0
766,-117,1178,18919,197,0
767,-116,1178,19092,173,0
768,-115,1178,19243,151,0
769,-114,1178,19751,508,0
770,-113,1178,19886,135,0
771,-112,1178,19969,83,1
772,-111,1178,20052,83,0
773,-110,1178,20205,153,0
774,-109,1178,20368,163,0
775,-108,1178,20576,208,0
776,-107,1178,20691,115,0
777,-106,1178,20792,101,0
778,-105,1178,20855,63,1
779,-104,1178,20918,63,0
780,-103,1178,21100,182,0
781,-102,1178,21251,151,0
782,-101,1178,21385,134,0
783,-100,1178,21483,98,0
784,-99,1178,21559,76,0
785,-98,1178,21606,47,1
786,-97,1178,21652,46,0
787,-96,1178,21742,90,0
788,-95,1178,21833,91,0
789,-94,1178,21908,75,0
790,-93,1178,21959,51,0
791,-92,1178,22017,58,0
792,-91,1178,22036,19,1
793,-90,1178,22054,18,0
794,-89,1178,22143,89,0
795,-88,1178,22218,75,0
796,-87,1178,22313,95,0
797,-86,1178,22762,449,0
798,-85,1178,22864,102,0
799,-84,1178,22929,65,1
800,-83,1178,22994,65,0
801,-82,1178,23111,117,0
802,-81,1178,23193,82,0
803,-80,1178,23260,67,0
804,-79,1178,23308,48,0
805,-78,1178,23352,44,0
806,-77,1178,23394,42,1
807,-76,1178,23435,41,0
808,-75,1178,24097,662,0
809,-74,1178,24169,72,0
810,-73,1178,24230,61,0
811,-72,1178,24853,623,0
812,-71,1178,24905,52,0
813,-70,1178,24935,30,1
814,-69,1178,24965,30,0
815,-68,1178,25627,662,0
816,-67,1178,25686,59,0
817,-66,1178,25749,63,0
818,-65,1178,26364,615,0
819,-64,1178,26423,59,0
820,-63,1178,26467,44,1
821,-62,1178,26511,44,0
822,-61,1178,26592,81,0
823,-60,1178,27261,669,0
824,-59,1178,27342,81,0
825,-58,1178,27401,59,0
826,-57,1178,27470,69,0
827,-56,1178,27501,31,1
828,-55,1178,27531,30,0
829,-54,1178,27554,23,0
830,-53,1178,27656,102,0
831,-52,1178,28137,481,0
832,-51,1178,28248,111,0
833,-50,1178,28333,85,0
834,-49,1178,28412,79,1
835,-48,1178,28490,78,0
836,-47,1178,28633,143,0
837,-46,1178,28776,143,0
838,-45,1178,29514,738,0
839,-44,1178,29609,95,0
840,-43,1178,29684,75,0
841,-42,1178,29734,50,1
842,-41,1178,29783,49,0
843,-40,1178,29935,152,0
844,-39,1178,30062,127,0
845,-38,1178,30183,121,0
846,-37,1178,30746,563,0
847,-36,1178,30853,107,0
848,-35,1178,30940,87,1
849,-34,1178,31027,87,0
850,-33,1178,31172,145,0
851,-32,1178,31902,730,0
852,-31,1178,32016,114,0
853,-30,1178,32578,562,0
854,-29,1178,32734,156,0
855,-28,1178,32822,88,1
856,-27,1178,32909,87,0
857,-26,1178,33105,196,0
858,-25,1178,33230,125,0
859,-24,1178,33383,153,0
860,-23,1178,33853,470,0
861,-22,1178,33976,123,0
862,-21,1178,34069,93,1
863,-20,1178,34162,93,0
864,-19,1178,34285,123,0
865,-18,1178,34445,160,0
866,-17,1178,34802,357,0
867,-16,1178,34979,177,0
868,-15,1178,35108,129,0
869,-14,1178,35196,88,1
870,-13,1178,35284,88,0
871,-12,1178,35599,315,0
872,-11,1178,35626,27,0
873,-10,1178,35847,221,0
874,-9,1178,36455,608,0
875,-8,1178,36610,155,0
876,-7,1178,36639,29,1
877,-6,1178,36668,29,0
878,-5,1178,37081,413,0
879,-4,1178,37557,476,0
880,-3,1178,36537,-1020,0
881,-2,1178,37421,884,0
882,-1,1178,37635,214,0
883,1,1178,37915,280,0
884,-125,1188,17562,0,0
885,-124,1188,17740,178,0
886,-123,1188,17896,156,0
887,-122,1188,18060,164,0
888,-121,1188,18175,115,0
889,-120,1188,18281,106,0
890,-119,1188,18367,86,1
891,-118,1188,18452,85,0
892,-117,1188,18599,147,0
893,-116,1188,18747,148,0
894,-115,1188,18915,168,0
895,-114,1188,19437,522,0
896,-113,1188,19564,127,0
897,-112,1188,19646,82,1
898,-111,1188,19727,81,0
899,-110,1188,19901,174,0
900,-109,1188,20069,168,0
901,-108,1188,20226,157,0
902,-107,1188,20354,128,0
903,-106,1188,20458,104,0
904,-105,1188,20542,84,1
905,-104,1188,20625,83,0
906,-103,1188,20813,188,0
907,-102,1188,20979,166,0
908,-101,1188,21079,100,0
909,-100,1188,21163,84,0
910,-99,1188,21350,187,0
911,-98,1188,21408,58,1
912,-97,1188,21466,58,0
913,-96,1188,21568,102,0
914,-95,1188,21674,106,0
915,-94,1188,21749,75,0
916,-93,1188,21830,81,0
917,-92,1188,21876,46,0
918,-91,1188,21893,17,1
919,-90,1188,21910,17,0
920,-89,1188,22000,90,0
921,-88,1188,22088,88,0
922,-87,1188,22177,89,0
923,-86,1188,22625,448,0
924,-85,1188,22715,90,0
925,-84,1188,22782,67,1
926,-83,1188,22848,66,0
927,-82,1188,22947,99,0
928,-81,1188,23032,85,0
929,-80,1188,23117,85,0
930,-79,1188,23200,83,0
931,-78,1188,23255,55,0
932,-77,1188,23298,43,1
933,-76,1188,23340,42,0
934,-75,1188,23437,97,0
935,-74,1188,23564,127,0
936,-73,1188,24137,573,0
937,-72,1188,24462,325,1
938,-71,1188,24787,325,0
939,-70,1188,24824,37,1
940,-69,1188,24860,36,0
941,-68,1188,24944,84,0
942,-67,1188,25548,604,0
943,-66,1188,25632,84,0
944,-65,1188,25712,80,0
945,-64,1188,26304,592,0
946,-63,1188,26355,51,1
947,-62,1188,26405,50,0
948,-61,1188,26497,92,0
949,-60,1188,26564,67,0
950,-59,1188,27139,575,0
951,-58,1188,27649,510,0
952,-57,1188,27760,111,0
953,-56,1188,27831,71,1
954,-55,1188,27902,71,0
955,-54,1188,28004,102,0
956,-53,1188,28043,39,0
957,-52,1188,28142,99,0
958,-51,1188,28221,79,0
959,-50,1188,28306,85,0
960,-49,1188,28378,72,1
961,-48,1188,28450,72,0
962,-47,1188,28590,140,0
963,-46,1188,28942,352,0
964,-45,1188,29100,158,0
965,-44,1188,29491,391,0
966,-43,1188,29593,102,0
967,-42,1188,29673,80,1
968,-41,1188,29752,79,0
969,-40,1188,30061,309,0
970,-39,1188,30217,156,0
971,-38,1188,30341,124,0
972,-37,1188,30940,599,0
973,-36,1188,31073,133,0
974,-35,1188,31155,82,1
975,-34,1188,31237,82,0
976,-33,1188,31535,298,0
977,-32,1188,31704,169,0
978,-31,1188,32028,324,0
979,-30,1188,32277,249,1
980,-29,1188,32526,249,0
981,-28,1188,32632,106,1
982,-27,1188,32737,105,0
983,-26,1188,32931,194,0
984,-25,1188,33129,198,0
985,-24,1188,33295,166,0
986,-23,1188,33644,349,0
987,-22,1188,33751,107,0
988,-21,1188,33852,101,1
989,-20,1188,33953,101,0
990,-19,1188,34255,302,0
991,-18,1188,34639,384,0
992,-17,1188,34805,166,0
993,-16,1188,34941,136,0
994,-15,1188,35292,351,0
995,-14,1188,35401,109,1
996,-13,1188,35509,108,0
997,-12,1188,35925,416,0
998,-11,1188,36000,75,0
999,-10,1188,36183,183,0
1000,-9,1188,36529,346,0
1001,-8,1188,36703,174,0
1002,-7,1188,36550,-153,1
1003,-6,1188,36398,-152,0
1004,-5,1188,36937,539,0
1005,-4,1188,37286,349,0
1006,-3,1188,37098,-188,0
1007,-2,1188,37578,480,0
1008,-1,1188,37774,196,0
1009,1,1188,38012,238,0
1010,-125,1198,17982,0,0
1011,-124,1198,18208,226,0
1012,-123,1198,18371,163,0
1013,-122,1198,18559,188,0
1014,-121,1198,18662,103,0
1015,-119,1198,18715,53,1
1016,-120,1198,18767,52,0
1017,-118,1198,18946,179,0
1018,-117,1198,19098,152,0
1019,-116,1198,19245,147,0
1020,-115,1198,19411,166,0
1021,-114,1198,19869,458,0
1022,-113,1198,19994,125,0
1023,-112,1198,20080,86,1
1024,-111,1198,20166,86,0
1025,-110,1198,20349,183,0
1026,-109,1198,20512,163,0
1027,-108,1198,20650,138,0
1028,-107,1198,20744,94,0
1029,-106,1198,20857,113,0
1030,-105,1198,20963,106,1
1031,-104,1198,21069,106,0
1032,-103,1198,21205,136,0
1033,-102,1198,21352,147,0
1034,-101,1198,21456,104,0
1035,-100,1198,21738,282,0
1036,-99,1198,21837,99,0
1037,-98,1198,21900,63,1
1038,-97,1198,21963,63,0
1039,-96,1198,22069,106,0
1040,-95,1198,22214,145,0
1041,-94,1198,22290,76,0
1042,-93,1198,22369,79,1
1043,-92,1198,22449,80,1
1044,-91,1198,22489,40,1
1045,-90,1198,22528,39,0
1046,-89,1198,22571,43,0
1047,-88,1198,22651,80,0
1048,-87,1198,22727,76,0
1049,-86,1198,23183,456,0
1050,-85,1198,23269,86,0
1051,-84,1198,23325,56,1
1052,-83,1198,23380,55,0
1053,-82,1198,23468,88,0
1054,-81,1198,23552,84,0
1055,-80,1198,23642,90,0
1056,-79,1198,23975,333,0
1057,-78,1198,24031,56,0
1058,-77,1198,24079,48,1
1059,-76,1198,24126,47,0
1060,-75,1198,24728,602,0
1061,-74,1198,24830,102,0
1062,-73,1198,24920,90,0
1063,-72,1198,25534,614,0
1064,-71,1198,25573,39,0
1065,-70,1198,25629,56,1
1066,-69,1198,25685,56,0
1067,-68,1198,25781,96,0
1068,-67,1198,26448,667,0
1069,-66,1198,26525,77,0
1070,-65,1198,26599,74,0
1071,-64,1198,27256,657,0
1072,-63,1198,27308,52,1
1073,-62,1198,27360,52,0
1074,-61,1198,27446,86,0
1075,-60,1198,28089,643,0
1076,-59,1198,28173,84,0
1077,-58,1198,28635,462,0
1078,-57,1198,28721,86,0
1079,-56,1198,28789,68,1
1080,-55,1198,28857,68,0
1081,-54,1198,29000,143,0
1082,-53,1198,29168,168,0
1083,-52,1198,29205,37,0
1084,-51,1198,29281,76,0
1085,-50,1198,29398,117,0
1086,-49,1198,29466,68,1
1087,-48,1198,29534,68,0
1088,-47,1198,29667,133,0
1089,-46,1198,29790,123,0
1090,-45,1198,29888,98,0
1091,-44,1198,30574,686,0
1092,-43,1198,30695,121,0
1093,-42,1198,30750,55,1
1094,-41,1198,30805,55,0
1095,-40,1198,30936,131,0
1096,-39,1198,31046,110,0
1097,-38,1198,31150,104,0
1098,-37,1198,31704,554,0
1099,-36,1198,31826,122,0
1100,-35,1198,31895,69,1
1101,-34,1198,31964,69,0
1102,-33,1198,32087,123,0
1103,-32,1198,32759,672,0
1104,-31,1198,32897,138,0
1105,-30,1198,33012,115,0
1106,-29,1198,33322,310,0
1107,-28,1198,33390,68,1
1108,-27,1198,33458,68,0
1109,-26,1198,33858,400,0
1110,-25,1198,33989,131,0
1111,-24,1198,34142,153,0
1112,-23,1198,34665,523,0
1113,-22,1198,34847,182,0
1114,-21,1198,34918,71,1
1115,-20,1198,34989,71,0
1116,-19,1198,35477,488,0
1117,-18,1198,35676,199,0
1118,-17,1198,35838,162,0
1119,-16,1198,36100,262,1
1120,-15,1198,36361,261,0
1121,-14,1198,36454,93,1
1122,-13,1198,36546,92,0
1123,-12,1198,36941,395,0
1124,-11,1198,37078,137,0
1125,-10,1198,37323,245,0
1126,-9,1198,37784,461,0
1127,-8,1198,37968,184,0
1128,-7,1198,37798,-170,1
1129,-6,1198,37628,-170,0
1130,-5,1198,38274,646,0
1131,-4,1198,38576,302,0
1132,-3,1198,38382,-194,0
1133,-2,1198,38886,504,0
1134,-1,1198,39087,201,0
1135,1,1198,39232,145,0
1136,-125,1208,17463,0,0
1137,-124,1208,17672,209,0
1138,-123,1208,17869,197,0
1139,-122,1208,18008,139,0
1140,-121,1208,18156,148,0
1141,-120,1208,18272,116,0
1142,-119,1208,18366,94,1
1143,-118,1208,18460,94,0
1144,-117,1208,18692,232,0
1145,-116,1208,18902,210,0
1146,-115,1208,19148,246,0
1147,-114,1208,19454,306,0
1148,-113,1208,19615,161,0
1149,-112,1208,19713,98,1
1150,-111,1208,19811,98,0
1151,-110,1208,19996,185,0
1152,-109,1208,20185,189,0
1153,-108,1208,20386,201,0
1154,-107,1208,20565,179,0
1155,-106,1208,20702,137,0
1156,-105,1208,20801,99,1
1157,-104,1208,20899,98,0
1158,-103,1208,21120,221,0
1159,-102,1208,21307,187,0
1160,-101,1208,21484,177,0
1161,-100,1208,21650,166,0
1162,-99,1208,21769,119,0
1163,-98,1208,21849,80,1
1164,-97,1208,21929,80,0
1165,-96,1208,22076,147,0
1166,-95,1208,22218,142,0
1167,-94,1208,22344,126,0
1168,-93,1208,22437,93,0
1169,-92,1208,22517,80,0
1170,-91,1208,22544,27,1
1171,-90,1208,22571,27,0
1172,-89,1208,22697,126,0
1173,-88,1208,22847,150,0
1174,-87,1208,23062,215,0
1175,-86,1208,23290,228,0
1176,-85,1208,23393,103,0
1177,-84,1208,23456,63,1
1178,-83,1208,23518,62,0
1179,-82,1208,23613,95,0
1180,-81,1208,23740,127,0
1181,-80,1208,23885,145,0
1182,-79,1208,24005,120,0
1183,-78,1208,24082,77,0
1184,-77,1208,24135,53,1
1185,-76,1208,24187,52,0
1186,-75,1208,24399,212,0
1187,-74,1208,24729,330,0
1188,-73,1208,24846,117,0
1189,-72,1208,25144,298,0
1190,-71,1208,25449,305,0
1191,-70,1208,25648,199,1
1192,-69,1208,25846,198,0
1193,-68,1208,26221,375,0
1194,-67,1208,26401,180,0
1195,-66,1208,26640,239,1
1196,-65,1208,26880,240,1
1197,-64,1208,27119,239,0
1198,-63,1208,27190,71,1
1199,-62,1208,27261,71,0
1200,-61,1208,27433,172,0
1201,-60,1208,27761,328,0
1202,-59,1208,28193,432,0
1203,-58,1208,28432,239,0
1204,-57,1208,28551,119,0
1205,-56,1208,28636,85,1
1206,-55,1208,28720,84,0
1207,-54,1208,29030,310,0
1208,-53,1208,29423,393,0
1209,-52,1208,29767,344,0
1210,-51,1208,29917,150,0
1211,-50,1208,30046,129,0
1212,-49,1208,30158,112,1
1213,-48,1208,30270,112,0
1214,-47,1208,30484,214,0
1215,-46,1208,30685,201,0
1216,-45,1208,30904,219,0
1217,-44,,,,
1218,-43,,,,
1219,-42,,,,
1220,-41,,,,
1221,-40,,,,
1222,-39,,,,
1223,-38,,,,
1224,-37,,,,
1225,-36,,,,
1226,-35,,,,
1227,-34,,,,
1228,-33,,,,
1229,-32,,,,
1230,-31,,,,
1231,-30,,,,
1232,-29,,,,
1233,-28,,,,
1234,-27,,,,
1235,-26,,,,
1236,-25,,,,
1237,-24,,,,
1238,-23,,,,
1239,-22,,,,
1240,-21,,,,
1241,-20,,,,
1242,-19,,,,
1243,-18,,,,
1244,-17,,,,
1245,-16,,,,
1246,-15,,,,
1247,-14,,,,
1248,-13,,,,
1249,-12,,,,
1250,-11,,,,
1251,-10,,,,
1252,-9,,,,
1253,-8,,,,
1254,-7,,,,
1255,-6,,,,
1256,-5,,,,
1257,-4,,,,
1258,-3,,,,
1259,-2,,,,
1260,-1,,,,
1261,1,,,,
